[26 Dec 2025 11:08:43,006] - 
Starting Mailing Agent initialization.
[26 Dec 2025 11:08:43,037] - 
Connecting with mail server.
[26 Dec 2025 11:08:43,193] - 
Mailing Agent Load] : Error in connecting with mail server using SMTP : com.newgen.omni.wf.util.app.exception.AppGenericException: javax.mail.MessagingException: Can't send command to SMTP host;
  nested exception is:
	javax.net.ssl.SSLHandshakeException: PKIX path building failed: com.ibm.security.cert.IBMCertPathBuilderException: unable to find valid certification path to requested target
[26 Dec 2025 11:08:43,193] - 
Error Code : -1505, Error description : Error in connecting with mail server using SMTP.
[26 Dec 2025 11:08:44,194] - 
Retrying with main Mail Server
[26 Dec 2025 11:08:44,194] - 
Connecting with mail server.
[26 Dec 2025 11:08:44,334] - 
Mailing Agent Load] : Error in connecting with mail server using SMTP : com.newgen.omni.wf.util.app.exception.AppGenericException: javax.mail.MessagingException: Can't send command to SMTP host;
  nested exception is:
	javax.net.ssl.SSLHandshakeException: PKIX path building failed: com.ibm.security.cert.IBMCertPathBuilderException: unable to find valid certification path to requested target
[26 Dec 2025 11:08:44,334] - 
Error Code : -1505, Error description : Error in connecting with mail server using SMTP.
[26 Dec 2025 11:08:45,350] - 
Retrying with main Mail Server
[26 Dec 2025 11:08:45,350] - 
Connecting with mail server.
[26 Dec 2025 11:08:45,490] - 
Mailing Agent Load] : Error in connecting with mail server using SMTP : com.newgen.omni.wf.util.app.exception.AppGenericException: javax.mail.MessagingException: Can't send command to SMTP host;
  nested exception is:
	javax.net.ssl.SSLHandshakeException: PKIX path building failed: com.ibm.security.cert.IBMCertPathBuilderException: unable to find valid certification path to requested target
[26 Dec 2025 11:08:45,490] - 
Error Code : -1505, Error description : Error in connecting with mail server using SMTP.
[26 Dec 2025 11:08:46,490] - 
Retrying with main Mail Server
[26 Dec 2025 11:08:46,522] - 
Trying with Main Mail Server hostname : 192.168.155.59, For MailTaskID : 339818, retrialCount : 0
[26 Dec 2025 11:08:46,537] - 

java.lang.IllegalStateException: Not connected
	at com.sun.mail.smtp.SMTPTransport.checkConnected(SMTPTransport.java:1817)
	at com.sun.mail.smtp.SMTPTransport.sendMessage(SMTPTransport.java:693)
	at com.newgen.omni.wf.util.email.MailClient.send(MailClient.java:231)
	at com.newgen.omni.wf.mailagent.Mailer.mail(Mailer.java:348)
	at com.newgen.omni.wf.mailagent.MailAgent.executeAfter(MailAgent.java:319)
	at com.newgen.omni.wf.util.app.ServiceFramework.executeBusinessLogic(ServiceFramework.java:138)
	at com.newgen.omni.jts.timer.WFTimerServiceBean.ejbTimeout(WFTimerServiceBean.java:109)
	at com.ibm.ejs.container.TimedObjectWrapper.invokeCallback(TimedObjectWrapper.java:125)
	at com.ibm.ejs.container.TimerTaskHandler.doWork(TimerTaskHandler.java:364)
	at com.ibm.ws.scheduler.AlarmListener.executeTaskWithNotification(AlarmListener.java:807)
	at com.ibm.ws.scheduler.AlarmListener.access$700(AlarmListener.java:124)
	at com.ibm.ws.scheduler.AlarmListener$TaskWork.doWork(AlarmListener.java:436)
	at com.ibm.ws.scheduler.AlarmListener$TaskWork.run(AlarmListener.java:222)
	at com.ibm.ws.asynchbeans.J2EEContext$RunProxy.run(J2EEContext.java:271)
	at java.security.AccessController.doPrivileged(AccessController.java:704)
	at javax.security.auth.Subject.doAs(Subject.java:490)
	at com.ibm.websphere.security.auth.WSSubject.doAs(WSSubject.java:133)
	at com.ibm.websphere.security.auth.WSSubject.doAs(WSSubject.java:91)
	at com.ibm.ws.asynchbeans.J2EEContext$DoAsProxy.run(J2EEContext.java:338)
	at java.security.AccessController.doPrivileged(AccessController.java:734)
	at com.ibm.ws.asynchbeans.J2EEContext.run(J2EEContext.java:806)
	at com.ibm.ws.asynchbeans.ExecutionContextImpl.go(ExecutionContextImpl.java:86)
	at com.ibm.ws.scheduler.AlarmListener.fireTask(AlarmListener.java:1416)
	at com.ibm.ws.scheduler.AlarmListener.fired(AlarmListener.java:1334)
	at com.ibm.ws.asynchbeans.AlarmImpl.callListenerMethod(AlarmImpl.java:427)
	at com.ibm.ws.asynchbeans.timer.GenericTimer.run(GenericTimer.java:229)
	at com.ibm.ws.asynchbeans.J2EEContext$RunProxy.run(J2EEContext.java:267)
	at java.security.AccessController.doPrivileged(AccessController.java:704)
	at javax.security.auth.Subject.doAs(Subject.java:490)
	at com.ibm.websphere.security.auth.WSSubject.doAs(WSSubject.java:133)
	at com.ibm.websphere.security.auth.WSSubject.doAs(WSSubject.java:91)
	at com.ibm.ws.asynchbeans.J2EEContext$DoAsProxy.run(J2EEContext.java:338)
	at java.security.AccessController.doPrivileged(AccessController.java:734)
	at com.ibm.ws.asynchbeans.J2EEContext.run(J2EEContext.java:1174)
	at com.ibm.ws.asynchbeans.AlarmImpl.runListenerAsCJWork(AlarmImpl.java:249)
	at com.ibm.ws.asynchbeans.am._Alarm.fireAlarm(_Alarm.java:340)
	at com.ibm.ws.asynchbeans.am._Alarm.run(_Alarm.java:237)
	at com.ibm.ws.util.ThreadPool$Worker.run(ThreadPool.java:1892)
[26 Dec 2025 11:08:46,537] - 

com.newgen.omni.wf.util.email.EMailException: java.lang.IllegalStateException: Not connected;
  nested exception is:
	java.lang.IllegalStateException: Not connected
	at com.newgen.omni.wf.util.email.MailClient.send(MailClient.java:237)
	at com.newgen.omni.wf.mailagent.Mailer.mail(Mailer.java:348)
	at com.newgen.omni.wf.mailagent.MailAgent.executeAfter(MailAgent.java:319)
	at com.newgen.omni.wf.util.app.ServiceFramework.executeBusinessLogic(ServiceFramework.java:138)
	at com.newgen.omni.jts.timer.WFTimerServiceBean.ejbTimeout(WFTimerServiceBean.java:109)
	at com.ibm.ejs.container.TimedObjectWrapper.invokeCallback(TimedObjectWrapper.java:125)
	at com.ibm.ejs.container.TimerTaskHandler.doWork(TimerTaskHandler.java:364)
	at com.ibm.ws.scheduler.AlarmListener.executeTaskWithNotification(AlarmListener.java:807)
	at com.ibm.ws.scheduler.AlarmListener.access$700(AlarmListener.java:124)
	at com.ibm.ws.scheduler.AlarmListener$TaskWork.doWork(AlarmListener.java:436)
	at com.ibm.ws.scheduler.AlarmListener$TaskWork.run(AlarmListener.java:222)
	at com.ibm.ws.asynchbeans.J2EEContext$RunProxy.run(J2EEContext.java:271)
	at java.security.AccessController.doPrivileged(AccessController.java:704)
	at javax.security.auth.Subject.doAs(Subject.java:490)
	at com.ibm.websphere.security.auth.WSSubject.doAs(WSSubject.java:133)
	at com.ibm.websphere.security.auth.WSSubject.doAs(WSSubject.java:91)
	at com.ibm.ws.asynchbeans.J2EEContext$DoAsProxy.run(J2EEContext.java:338)
	at java.security.AccessController.doPrivileged(AccessController.java:734)
	at com.ibm.ws.asynchbeans.J2EEContext.run(J2EEContext.java:806)
	at com.ibm.ws.asynchbeans.ExecutionContextImpl.go(ExecutionContextImpl.java:86)
	at com.ibm.ws.scheduler.AlarmListener.fireTask(AlarmListener.java:1416)
	at com.ibm.ws.scheduler.AlarmListener.fired(AlarmListener.java:1334)
	at com.ibm.ws.asynchbeans.AlarmImpl.callListenerMethod(AlarmImpl.java:427)
	at com.ibm.ws.asynchbeans.timer.GenericTimer.run(GenericTimer.java:229)
	at com.ibm.ws.asynchbeans.J2EEContext$RunProxy.run(J2EEContext.java:267)
	at java.security.AccessController.doPrivileged(AccessController.java:704)
	at javax.security.auth.Subject.doAs(Subject.java:490)
	at com.ibm.websphere.security.auth.WSSubject.doAs(WSSubject.java:133)
	at com.ibm.websphere.security.auth.WSSubject.doAs(WSSubject.java:91)
	at com.ibm.ws.asynchbeans.J2EEContext$DoAsProxy.run(J2EEContext.java:338)
	at java.security.AccessController.doPrivileged(AccessController.java:734)
	at com.ibm.ws.asynchbeans.J2EEContext.run(J2EEContext.java:1174)
	at com.ibm.ws.asynchbeans.AlarmImpl.runListenerAsCJWork(AlarmImpl.java:249)
	at com.ibm.ws.asynchbeans.am._Alarm.fireAlarm(_Alarm.java:340)
	at com.ibm.ws.asynchbeans.am._Alarm.run(_Alarm.java:237)
	at com.ibm.ws.util.ThreadPool$Worker.run(ThreadPool.java:1892)
Caused by: 
java.lang.IllegalStateException: Not connected
	at com.sun.mail.smtp.SMTPTransport.checkConnected(SMTPTransport.java:1817)
	at com.sun.mail.smtp.SMTPTransport.sendMessage(SMTPTransport.java:693)
	at com.newgen.omni.wf.util.email.MailClient.send(MailClient.java:231)
	... 35 more
[26 Dec 2025 11:08:46,678] - 
Error Code : -1505, Error description : Error in connecting with mail server using SMTP. Mailtaskid : 339818
[26 Dec 2025 11:08:46,678] - 
Error Code : -1505, Error description : Error in connecting with mail server using SMTP. Mailtaskid : 339818
[26 Dec 2025 11:11:46,682] - 
Error Code : 11, Error description : Invalid session found during reporting mail status. Mailtaskid : 339818
[26 Dec 2025 11:11:48,949] - 
Starting Mailing Agent initialization.
[26 Dec 2025 11:11:48,980] - 
Connecting with mail server.
[26 Dec 2025 11:11:49,121] - 
Mailing Agent Load] : Error in connecting with mail server using SMTP : com.newgen.omni.wf.util.app.exception.AppGenericException: javax.mail.MessagingException: Can't send command to SMTP host;
  nested exception is:
	javax.net.ssl.SSLHandshakeException: PKIX path building failed: com.ibm.security.cert.IBMCertPathBuilderException: unable to find valid certification path to requested target
[26 Dec 2025 11:11:49,121] - 
Error Code : -1505, Error description : Error in connecting with mail server using SMTP.
[26 Dec 2025 11:11:50,121] - 
Retrying with main Mail Server
[26 Dec 2025 11:11:50,121] - 
Connecting with mail server.
[26 Dec 2025 11:11:50,246] - 
Mailing Agent Load] : Error in connecting with mail server using SMTP : com.newgen.omni.wf.util.app.exception.AppGenericException: javax.mail.MessagingException: Can't send command to SMTP host;
  nested exception is:
	javax.net.ssl.SSLHandshakeException: PKIX path building failed: com.ibm.security.cert.IBMCertPathBuilderException: unable to find valid certification path to requested target
[26 Dec 2025 11:11:50,246] - 
Error Code : -1505, Error description : Error in connecting with mail server using SMTP.
[26 Dec 2025 11:11:51,261] - 
Retrying with main Mail Server
[26 Dec 2025 11:11:51,261] - 
Connecting with mail server.
[26 Dec 2025 11:11:51,386] - 
Mailing Agent Load] : Error in connecting with mail server using SMTP : com.newgen.omni.wf.util.app.exception.AppGenericException: javax.mail.MessagingException: Can't send command to SMTP host;
  nested exception is:
	javax.net.ssl.SSLHandshakeException: PKIX path building failed: com.ibm.security.cert.IBMCertPathBuilderException: unable to find valid certification path to requested target
[26 Dec 2025 11:11:51,386] - 
Error Code : -1505, Error description : Error in connecting with mail server using SMTP.
[26 Dec 2025 11:11:52,386] - 
Retrying with main Mail Server
[26 Dec 2025 11:11:52,402] - 
Trying with Main Mail Server hostname : 192.168.155.59, For MailTaskID : 339819, retrialCount : 0
[26 Dec 2025 11:11:52,402] - 

java.lang.IllegalStateException: Not connected
	at com.sun.mail.smtp.SMTPTransport.checkConnected(SMTPTransport.java:1817)
	at com.sun.mail.smtp.SMTPTransport.sendMessage(SMTPTransport.java:693)
	at com.newgen.omni.wf.util.email.MailClient.send(MailClient.java:231)
	at com.newgen.omni.wf.mailagent.Mailer.mail(Mailer.java:348)
	at com.newgen.omni.wf.mailagent.MailAgent.executeAfter(MailAgent.java:319)
	at com.newgen.omni.wf.util.app.ServiceFramework.executeBusinessLogic(ServiceFramework.java:138)
	at com.newgen.omni.jts.timer.WFTimerServiceBean.ejbTimeout(WFTimerServiceBean.java:109)
	at com.ibm.ejs.container.TimedObjectWrapper.invokeCallback(TimedObjectWrapper.java:125)
	at com.ibm.ejs.container.TimerTaskHandler.doWork(TimerTaskHandler.java:364)
	at com.ibm.ws.scheduler.AlarmListener.executeTaskWithNotification(AlarmListener.java:807)
	at com.ibm.ws.scheduler.AlarmListener.access$700(AlarmListener.java:124)
	at com.ibm.ws.scheduler.AlarmListener$TaskWork.doWork(AlarmListener.java:436)
	at com.ibm.ws.scheduler.AlarmListener$TaskWork.run(AlarmListener.java:222)
	at com.ibm.ws.asynchbeans.J2EEContext$RunProxy.run(J2EEContext.java:271)
	at java.security.AccessController.doPrivileged(AccessController.java:704)
	at javax.security.auth.Subject.doAs(Subject.java:490)
	at com.ibm.websphere.security.auth.WSSubject.doAs(WSSubject.java:133)
	at com.ibm.websphere.security.auth.WSSubject.doAs(WSSubject.java:91)
	at com.ibm.ws.asynchbeans.J2EEContext$DoAsProxy.run(J2EEContext.java:338)
	at java.security.AccessController.doPrivileged(AccessController.java:734)
	at com.ibm.ws.asynchbeans.J2EEContext.run(J2EEContext.java:806)
	at com.ibm.ws.asynchbeans.ExecutionContextImpl.go(ExecutionContextImpl.java:86)
	at com.ibm.ws.scheduler.AlarmListener.fireTask(AlarmListener.java:1416)
	at com.ibm.ws.scheduler.AlarmListener.fired(AlarmListener.java:1334)
	at com.ibm.ws.asynchbeans.AlarmImpl.callListenerMethod(AlarmImpl.java:427)
	at com.ibm.ws.asynchbeans.timer.GenericTimer.run(GenericTimer.java:229)
	at com.ibm.ws.asynchbeans.J2EEContext$RunProxy.run(J2EEContext.java:267)
	at java.security.AccessController.doPrivileged(AccessController.java:704)
	at javax.security.auth.Subject.doAs(Subject.java:490)
	at com.ibm.websphere.security.auth.WSSubject.doAs(WSSubject.java:133)
	at com.ibm.websphere.security.auth.WSSubject.doAs(WSSubject.java:91)
	at com.ibm.ws.asynchbeans.J2EEContext$DoAsProxy.run(J2EEContext.java:338)
	at java.security.AccessController.doPrivileged(AccessController.java:734)
	at com.ibm.ws.asynchbeans.J2EEContext.run(J2EEContext.java:1174)
	at com.ibm.ws.asynchbeans.AlarmImpl.runListenerAsCJWork(AlarmImpl.java:249)
	at com.ibm.ws.asynchbeans.am._Alarm.fireAlarm(_Alarm.java:340)
	at com.ibm.ws.asynchbeans.am._Alarm.run(_Alarm.java:237)
	at com.ibm.ws.util.ThreadPool$Worker.run(ThreadPool.java:1892)
[26 Dec 2025 11:11:52,402] - 

com.newgen.omni.wf.util.email.EMailException: java.lang.IllegalStateException: Not connected;
  nested exception is:
	java.lang.IllegalStateException: Not connected
	at com.newgen.omni.wf.util.email.MailClient.send(MailClient.java:237)
	at com.newgen.omni.wf.mailagent.Mailer.mail(Mailer.java:348)
	at com.newgen.omni.wf.mailagent.MailAgent.executeAfter(MailAgent.java:319)
	at com.newgen.omni.wf.util.app.ServiceFramework.executeBusinessLogic(ServiceFramework.java:138)
	at com.newgen.omni.jts.timer.WFTimerServiceBean.ejbTimeout(WFTimerServiceBean.java:109)
	at com.ibm.ejs.container.TimedObjectWrapper.invokeCallback(TimedObjectWrapper.java:125)
	at com.ibm.ejs.container.TimerTaskHandler.doWork(TimerTaskHandler.java:364)
	at com.ibm.ws.scheduler.AlarmListener.executeTaskWithNotification(AlarmListener.java:807)
	at com.ibm.ws.scheduler.AlarmListener.access$700(AlarmListener.java:124)
	at com.ibm.ws.scheduler.AlarmListener$TaskWork.doWork(AlarmListener.java:436)
	at com.ibm.ws.scheduler.AlarmListener$TaskWork.run(AlarmListener.java:222)
	at com.ibm.ws.asynchbeans.J2EEContext$RunProxy.run(J2EEContext.java:271)
	at java.security.AccessController.doPrivileged(AccessController.java:704)
	at javax.security.auth.Subject.doAs(Subject.java:490)
	at com.ibm.websphere.security.auth.WSSubject.doAs(WSSubject.java:133)
	at com.ibm.websphere.security.auth.WSSubject.doAs(WSSubject.java:91)
	at com.ibm.ws.asynchbeans.J2EEContext$DoAsProxy.run(J2EEContext.java:338)
	at java.security.AccessController.doPrivileged(AccessController.java:734)
	at com.ibm.ws.asynchbeans.J2EEContext.run(J2EEContext.java:806)
	at com.ibm.ws.asynchbeans.ExecutionContextImpl.go(ExecutionContextImpl.java:86)
	at com.ibm.ws.scheduler.AlarmListener.fireTask(AlarmListener.java:1416)
	at com.ibm.ws.scheduler.AlarmListener.fired(AlarmListener.java:1334)
	at com.ibm.ws.asynchbeans.AlarmImpl.callListenerMethod(AlarmImpl.java:427)
	at com.ibm.ws.asynchbeans.timer.GenericTimer.run(GenericTimer.java:229)
	at com.ibm.ws.asynchbeans.J2EEContext$RunProxy.run(J2EEContext.java:267)
	at java.security.AccessController.doPrivileged(AccessController.java:704)
	at javax.security.auth.Subject.doAs(Subject.java:490)
	at com.ibm.websphere.security.auth.WSSubject.doAs(WSSubject.java:133)
	at com.ibm.websphere.security.auth.WSSubject.doAs(WSSubject.java:91)
	at com.ibm.ws.asynchbeans.J2EEContext$DoAsProxy.run(J2EEContext.java:338)
	at java.security.AccessController.doPrivileged(AccessController.java:734)
	at com.ibm.ws.asynchbeans.J2EEContext.run(J2EEContext.java:1174)
	at com.ibm.ws.asynchbeans.AlarmImpl.runListenerAsCJWork(AlarmImpl.java:249)
	at com.ibm.ws.asynchbeans.am._Alarm.fireAlarm(_Alarm.java:340)
	at com.ibm.ws.asynchbeans.am._Alarm.run(_Alarm.java:237)
	at com.ibm.ws.util.ThreadPool$Worker.run(ThreadPool.java:1892)
Caused by: 
java.lang.IllegalStateException: Not connected
	at com.sun.mail.smtp.SMTPTransport.checkConnected(SMTPTransport.java:1817)
	at com.sun.mail.smtp.SMTPTransport.sendMessage(SMTPTransport.java:693)
	at com.newgen.omni.wf.util.email.MailClient.send(MailClient.java:231)
	... 35 more
[26 Dec 2025 11:11:52,558] - 
Error Code : -1505, Error description : Error in connecting with mail server using SMTP. Mailtaskid : 339819
[26 Dec 2025 11:11:52,558] - 
Error Code : -1505, Error description : Error in connecting with mail server using SMTP. Mailtaskid : 339819
[26 Dec 2025 11:14:52,585] - 
Error Code : -14014, Error description : Unknown error occurred during reporting mail status. Mailtaskid : 339819
[26 Dec 2025 11:14:55,600] - 
Starting Mailing Agent initialization.
[26 Dec 2025 11:14:55,616] - 
Connecting with mail server.
[26 Dec 2025 11:14:55,772] - 
Mailing Agent Load] : Error in connecting with mail server using SMTP : com.newgen.omni.wf.util.app.exception.AppGenericException: javax.mail.MessagingException: Can't send command to SMTP host;
  nested exception is:
	javax.net.ssl.SSLHandshakeException: PKIX path building failed: com.ibm.security.cert.IBMCertPathBuilderException: unable to find valid certification path to requested target
[26 Dec 2025 11:14:55,772] - 
Error Code : -1505, Error description : Error in connecting with mail server using SMTP.
[26 Dec 2025 11:14:56,788] - 
Retrying with main Mail Server
[26 Dec 2025 11:14:56,788] - 
Connecting with mail server.
[26 Dec 2025 11:14:56,944] - 
Mailing Agent Load] : Error in connecting with mail server using SMTP : com.newgen.omni.wf.util.app.exception.AppGenericException: javax.mail.MessagingException: Can't send command to SMTP host;
  nested exception is:
	javax.net.ssl.SSLHandshakeException: PKIX path building failed: com.ibm.security.cert.IBMCertPathBuilderException: unable to find valid certification path to requested target
[26 Dec 2025 11:14:56,944] - 
Error Code : -1505, Error description : Error in connecting with mail server using SMTP.
[26 Dec 2025 11:14:57,944] - 
Retrying with main Mail Server
[26 Dec 2025 11:14:57,944] - 
Connecting with mail server.
[26 Dec 2025 11:14:58,069] - 
Mailing Agent Load] : Error in connecting with mail server using SMTP : com.newgen.omni.wf.util.app.exception.AppGenericException: javax.mail.MessagingException: Can't send command to SMTP host;
  nested exception is:
	javax.net.ssl.SSLHandshakeException: PKIX path building failed: com.ibm.security.cert.IBMCertPathBuilderException: unable to find valid certification path to requested target
[26 Dec 2025 11:14:58,069] - 
Error Code : -1505, Error description : Error in connecting with mail server using SMTP.
[26 Dec 2025 11:14:59,085] - 
Retrying with main Mail Server
[26 Dec 2025 11:14:59,101] - 
Trying with Main Mail Server hostname : 192.168.155.59, For MailTaskID : 339819, retrialCount : 1
[26 Dec 2025 11:14:59,101] - 

java.lang.IllegalStateException: Not connected
	at com.sun.mail.smtp.SMTPTransport.checkConnected(SMTPTransport.java:1817)
	at com.sun.mail.smtp.SMTPTransport.sendMessage(SMTPTransport.java:693)
	at com.newgen.omni.wf.util.email.MailClient.send(MailClient.java:231)
	at com.newgen.omni.wf.mailagent.Mailer.mail(Mailer.java:348)
	at com.newgen.omni.wf.mailagent.MailAgent.executeAfter(MailAgent.java:319)
	at com.newgen.omni.wf.util.app.ServiceFramework.executeBusinessLogic(ServiceFramework.java:138)
	at com.newgen.omni.jts.timer.WFTimerServiceBean.ejbTimeout(WFTimerServiceBean.java:109)
	at com.ibm.ejs.container.TimedObjectWrapper.invokeCallback(TimedObjectWrapper.java:125)
	at com.ibm.ejs.container.TimerTaskHandler.doWork(TimerTaskHandler.java:364)
	at com.ibm.ws.scheduler.AlarmListener.executeTaskWithNotification(AlarmListener.java:807)
	at com.ibm.ws.scheduler.AlarmListener.access$700(AlarmListener.java:124)
	at com.ibm.ws.scheduler.AlarmListener$TaskWork.doWork(AlarmListener.java:436)
	at com.ibm.ws.scheduler.AlarmListener$TaskWork.run(AlarmListener.java:222)
	at com.ibm.ws.asynchbeans.J2EEContext$RunProxy.run(J2EEContext.java:271)
	at java.security.AccessController.doPrivileged(AccessController.java:704)
	at javax.security.auth.Subject.doAs(Subject.java:490)
	at com.ibm.websphere.security.auth.WSSubject.doAs(WSSubject.java:133)
	at com.ibm.websphere.security.auth.WSSubject.doAs(WSSubject.java:91)
	at com.ibm.ws.asynchbeans.J2EEContext$DoAsProxy.run(J2EEContext.java:338)
	at java.security.AccessController.doPrivileged(AccessController.java:734)
	at com.ibm.ws.asynchbeans.J2EEContext.run(J2EEContext.java:806)
	at com.ibm.ws.asynchbeans.ExecutionContextImpl.go(ExecutionContextImpl.java:86)
	at com.ibm.ws.scheduler.AlarmListener.fireTask(AlarmListener.java:1416)
	at com.ibm.ws.scheduler.AlarmListener.fired(AlarmListener.java:1334)
	at com.ibm.ws.asynchbeans.AlarmImpl.callListenerMethod(AlarmImpl.java:427)
	at com.ibm.ws.asynchbeans.timer.GenericTimer.run(GenericTimer.java:229)
	at com.ibm.ws.asynchbeans.J2EEContext$RunProxy.run(J2EEContext.java:267)
	at java.security.AccessController.doPrivileged(AccessController.java:704)
	at javax.security.auth.Subject.doAs(Subject.java:490)
	at com.ibm.websphere.security.auth.WSSubject.doAs(WSSubject.java:133)
	at com.ibm.websphere.security.auth.WSSubject.doAs(WSSubject.java:91)
	at com.ibm.ws.asynchbeans.J2EEContext$DoAsProxy.run(J2EEContext.java:338)
	at java.security.AccessController.doPrivileged(AccessController.java:734)
	at com.ibm.ws.asynchbeans.J2EEContext.run(J2EEContext.java:1174)
	at com.ibm.ws.asynchbeans.AlarmImpl.runListenerAsCJWork(AlarmImpl.java:249)
	at com.ibm.ws.asynchbeans.am._Alarm.fireAlarm(_Alarm.java:340)
	at com.ibm.ws.asynchbeans.am._Alarm.run(_Alarm.java:237)
	at com.ibm.ws.util.ThreadPool$Worker.run(ThreadPool.java:1892)
[26 Dec 2025 11:14:59,101] - 

com.newgen.omni.wf.util.email.EMailException: java.lang.IllegalStateException: Not connected;
  nested exception is:
	java.lang.IllegalStateException: Not connected
	at com.newgen.omni.wf.util.email.MailClient.send(MailClient.java:237)
	at com.newgen.omni.wf.mailagent.Mailer.mail(Mailer.java:348)
	at com.newgen.omni.wf.mailagent.MailAgent.executeAfter(MailAgent.java:319)
	at com.newgen.omni.wf.util.app.ServiceFramework.executeBusinessLogic(ServiceFramework.java:138)
	at com.newgen.omni.jts.timer.WFTimerServiceBean.ejbTimeout(WFTimerServiceBean.java:109)
	at com.ibm.ejs.container.TimedObjectWrapper.invokeCallback(TimedObjectWrapper.java:125)
	at com.ibm.ejs.container.TimerTaskHandler.doWork(TimerTaskHandler.java:364)
	at com.ibm.ws.scheduler.AlarmListener.executeTaskWithNotification(AlarmListener.java:807)
	at com.ibm.ws.scheduler.AlarmListener.access$700(AlarmListener.java:124)
	at com.ibm.ws.scheduler.AlarmListener$TaskWork.doWork(AlarmListener.java:436)
	at com.ibm.ws.scheduler.AlarmListener$TaskWork.run(AlarmListener.java:222)
	at com.ibm.ws.asynchbeans.J2EEContext$RunProxy.run(J2EEContext.java:271)
	at java.security.AccessController.doPrivileged(AccessController.java:704)
	at javax.security.auth.Subject.doAs(Subject.java:490)
	at com.ibm.websphere.security.auth.WSSubject.doAs(WSSubject.java:133)
	at com.ibm.websphere.security.auth.WSSubject.doAs(WSSubject.java:91)
	at com.ibm.ws.asynchbeans.J2EEContext$DoAsProxy.run(J2EEContext.java:338)
	at java.security.AccessController.doPrivileged(AccessController.java:734)
	at com.ibm.ws.asynchbeans.J2EEContext.run(J2EEContext.java:806)
	at com.ibm.ws.asynchbeans.ExecutionContextImpl.go(ExecutionContextImpl.java:86)
	at com.ibm.ws.scheduler.AlarmListener.fireTask(AlarmListener.java:1416)
	at com.ibm.ws.scheduler.AlarmListener.fired(AlarmListener.java:1334)
	at com.ibm.ws.asynchbeans.AlarmImpl.callListenerMethod(AlarmImpl.java:427)
	at com.ibm.ws.asynchbeans.timer.GenericTimer.run(GenericTimer.java:229)
	at com.ibm.ws.asynchbeans.J2EEContext$RunProxy.run(J2EEContext.java:267)
	at java.security.AccessController.doPrivileged(AccessController.java:704)
	at javax.security.auth.Subject.doAs(Subject.java:490)
	at com.ibm.websphere.security.auth.WSSubject.doAs(WSSubject.java:133)
	at com.ibm.websphere.security.auth.WSSubject.doAs(WSSubject.java:91)
	at com.ibm.ws.asynchbeans.J2EEContext$DoAsProxy.run(J2EEContext.java:338)
	at java.security.AccessController.doPrivileged(AccessController.java:734)
	at com.ibm.ws.asynchbeans.J2EEContext.run(J2EEContext.java:1174)
	at com.ibm.ws.asynchbeans.AlarmImpl.runListenerAsCJWork(AlarmImpl.java:249)
	at com.ibm.ws.asynchbeans.am._Alarm.fireAlarm(_Alarm.java:340)
	at com.ibm.ws.asynchbeans.am._Alarm.run(_Alarm.java:237)
	at com.ibm.ws.util.ThreadPool$Worker.run(ThreadPool.java:1892)
Caused by: 
java.lang.IllegalStateException: Not connected
	at com.sun.mail.smtp.SMTPTransport.checkConnected(SMTPTransport.java:1817)
	at com.sun.mail.smtp.SMTPTransport.sendMessage(SMTPTransport.java:693)
	at com.newgen.omni.wf.util.email.MailClient.send(MailClient.java:231)
	... 35 more
[26 Dec 2025 11:14:59,257] - 
Error Code : -1505, Error description : Error in connecting with mail server using SMTP. Mailtaskid : 339819
[26 Dec 2025 11:14:59,257] - 
Error Code : -1505, Error description : Error in connecting with mail server using SMTP. Mailtaskid : 339819
[26 Dec 2025 11:17:59,281] - 
Error Code : -14014, Error description : Unknown error occurred during reporting mail status. Mailtaskid : 339819
[26 Dec 2025 11:18:02,321] - 
Trying with Main Mail Server hostname : 192.168.155.59, For MailTaskID : 339819, retrialCount : 2
[26 Dec 2025 11:18:02,321] - 

java.lang.IllegalStateException: Not connected
	at com.sun.mail.smtp.SMTPTransport.checkConnected(SMTPTransport.java:1817)
	at com.sun.mail.smtp.SMTPTransport.sendMessage(SMTPTransport.java:693)
	at com.newgen.omni.wf.util.email.MailClient.send(MailClient.java:231)
	at com.newgen.omni.wf.mailagent.Mailer.mail(Mailer.java:348)
	at com.newgen.omni.wf.mailagent.MailAgent.executeAfter(MailAgent.java:319)
	at com.newgen.omni.wf.util.app.ServiceFramework.executeBusinessLogic(ServiceFramework.java:138)
	at com.newgen.omni.jts.timer.WFTimerServiceBean.ejbTimeout(WFTimerServiceBean.java:109)
	at com.ibm.ejs.container.TimedObjectWrapper.invokeCallback(TimedObjectWrapper.java:125)
	at com.ibm.ejs.container.TimerTaskHandler.doWork(TimerTaskHandler.java:364)
	at com.ibm.ws.scheduler.AlarmListener.executeTaskWithNotification(AlarmListener.java:807)
	at com.ibm.ws.scheduler.AlarmListener.access$700(AlarmListener.java:124)
	at com.ibm.ws.scheduler.AlarmListener$TaskWork.doWork(AlarmListener.java:436)
	at com.ibm.ws.scheduler.AlarmListener$TaskWork.run(AlarmListener.java:222)
	at com.ibm.ws.asynchbeans.J2EEContext$RunProxy.run(J2EEContext.java:271)
	at java.security.AccessController.doPrivileged(AccessController.java:704)
	at javax.security.auth.Subject.doAs(Subject.java:490)
	at com.ibm.websphere.security.auth.WSSubject.doAs(WSSubject.java:133)
	at com.ibm.websphere.security.auth.WSSubject.doAs(WSSubject.java:91)
	at com.ibm.ws.asynchbeans.J2EEContext$DoAsProxy.run(J2EEContext.java:338)
	at java.security.AccessController.doPrivileged(AccessController.java:734)
	at com.ibm.ws.asynchbeans.J2EEContext.run(J2EEContext.java:806)
	at com.ibm.ws.asynchbeans.ExecutionContextImpl.go(ExecutionContextImpl.java:86)
	at com.ibm.ws.scheduler.AlarmListener.fireTask(AlarmListener.java:1416)
	at com.ibm.ws.scheduler.AlarmListener.fired(AlarmListener.java:1334)
	at com.ibm.ws.asynchbeans.AlarmImpl.callListenerMethod(AlarmImpl.java:427)
	at com.ibm.ws.asynchbeans.timer.GenericTimer.run(GenericTimer.java:229)
	at com.ibm.ws.asynchbeans.J2EEContext$RunProxy.run(J2EEContext.java:267)
	at java.security.AccessController.doPrivileged(AccessController.java:704)
	at javax.security.auth.Subject.doAs(Subject.java:490)
	at com.ibm.websphere.security.auth.WSSubject.doAs(WSSubject.java:133)
	at com.ibm.websphere.security.auth.WSSubject.doAs(WSSubject.java:91)
	at com.ibm.ws.asynchbeans.J2EEContext$DoAsProxy.run(J2EEContext.java:338)
	at java.security.AccessController.doPrivileged(AccessController.java:734)
	at com.ibm.ws.asynchbeans.J2EEContext.run(J2EEContext.java:1174)
	at com.ibm.ws.asynchbeans.AlarmImpl.runListenerAsCJWork(AlarmImpl.java:249)
	at com.ibm.ws.asynchbeans.am._Alarm.fireAlarm(_Alarm.java:340)
	at com.ibm.ws.asynchbeans.am._Alarm.run(_Alarm.java:237)
	at com.ibm.ws.util.ThreadPool$Worker.run(ThreadPool.java:1892)
[26 Dec 2025 11:18:02,321] - 

com.newgen.omni.wf.util.email.EMailException: java.lang.IllegalStateException: Not connected;
  nested exception is:
	java.lang.IllegalStateException: Not connected
	at com.newgen.omni.wf.util.email.MailClient.send(MailClient.java:237)
	at com.newgen.omni.wf.mailagent.Mailer.mail(Mailer.java:348)
	at com.newgen.omni.wf.mailagent.MailAgent.executeAfter(MailAgent.java:319)
	at com.newgen.omni.wf.util.app.ServiceFramework.executeBusinessLogic(ServiceFramework.java:138)
	at com.newgen.omni.jts.timer.WFTimerServiceBean.ejbTimeout(WFTimerServiceBean.java:109)
	at com.ibm.ejs.container.TimedObjectWrapper.invokeCallback(TimedObjectWrapper.java:125)
	at com.ibm.ejs.container.TimerTaskHandler.doWork(TimerTaskHandler.java:364)
	at com.ibm.ws.scheduler.AlarmListener.executeTaskWithNotification(AlarmListener.java:807)
	at com.ibm.ws.scheduler.AlarmListener.access$700(AlarmListener.java:124)
	at com.ibm.ws.scheduler.AlarmListener$TaskWork.doWork(AlarmListener.java:436)
	at com.ibm.ws.scheduler.AlarmListener$TaskWork.run(AlarmListener.java:222)
	at com.ibm.ws.asynchbeans.J2EEContext$RunProxy.run(J2EEContext.java:271)
	at java.security.AccessController.doPrivileged(AccessController.java:704)
	at javax.security.auth.Subject.doAs(Subject.java:490)
	at com.ibm.websphere.security.auth.WSSubject.doAs(WSSubject.java:133)
	at com.ibm.websphere.security.auth.WSSubject.doAs(WSSubject.java:91)
	at com.ibm.ws.asynchbeans.J2EEContext$DoAsProxy.run(J2EEContext.java:338)
	at java.security.AccessController.doPrivileged(AccessController.java:734)
	at com.ibm.ws.asynchbeans.J2EEContext.run(J2EEContext.java:806)
	at com.ibm.ws.asynchbeans.ExecutionContextImpl.go(ExecutionContextImpl.java:86)
	at com.ibm.ws.scheduler.AlarmListener.fireTask(AlarmListener.java:1416)
	at com.ibm.ws.scheduler.AlarmListener.fired(AlarmListener.java:1334)
	at com.ibm.ws.asynchbeans.AlarmImpl.callListenerMethod(AlarmImpl.java:427)
	at com.ibm.ws.asynchbeans.timer.GenericTimer.run(GenericTimer.java:229)
	at com.ibm.ws.asynchbeans.J2EEContext$RunProxy.run(J2EEContext.java:267)
	at java.security.AccessController.doPrivileged(AccessController.java:704)
	at javax.security.auth.Subject.doAs(Subject.java:490)
	at com.ibm.websphere.security.auth.WSSubject.doAs(WSSubject.java:133)
	at com.ibm.websphere.security.auth.WSSubject.doAs(WSSubject.java:91)
	at com.ibm.ws.asynchbeans.J2EEContext$DoAsProxy.run(J2EEContext.java:338)
	at java.security.AccessController.doPrivileged(AccessController.java:734)
	at com.ibm.ws.asynchbeans.J2EEContext.run(J2EEContext.java:1174)
	at com.ibm.ws.asynchbeans.AlarmImpl.runListenerAsCJWork(AlarmImpl.java:249)
	at com.ibm.ws.asynchbeans.am._Alarm.fireAlarm(_Alarm.java:340)
	at com.ibm.ws.asynchbeans.am._Alarm.run(_Alarm.java:237)
	at com.ibm.ws.util.ThreadPool$Worker.run(ThreadPool.java:1892)
Caused by: 
java.lang.IllegalStateException: Not connected
	at com.sun.mail.smtp.SMTPTransport.checkConnected(SMTPTransport.java:1817)
	at com.sun.mail.smtp.SMTPTransport.sendMessage(SMTPTransport.java:693)
	at com.newgen.omni.wf.util.email.MailClient.send(MailClient.java:231)
	... 35 more
[26 Dec 2025 11:18:02,461] - 
Error Code : -1505, Error description : Error in connecting with mail server using SMTP. Mailtaskid : 339819
[26 Dec 2025 11:18:02,461] - 
Error Code : -1505, Error description : Error in connecting with mail server using SMTP. Mailtaskid : 339819
[26 Dec 2025 11:21:02,489] - 
Error Code : -14014, Error description : Unknown error occurred during reporting mail status. Mailtaskid : 339819
[26 Dec 2025 11:21:06,458] - 
Trying with Main Mail Server hostname : 192.168.155.59, For MailTaskID : 339819, retrialCount : 3
[26 Dec 2025 11:21:06,473] - 

java.lang.IllegalStateException: Not connected
	at com.sun.mail.smtp.SMTPTransport.checkConnected(SMTPTransport.java:1817)
	at com.sun.mail.smtp.SMTPTransport.sendMessage(SMTPTransport.java:693)
	at com.newgen.omni.wf.util.email.MailClient.send(MailClient.java:231)
	at com.newgen.omni.wf.mailagent.Mailer.mail(Mailer.java:348)
	at com.newgen.omni.wf.mailagent.MailAgent.executeAfter(MailAgent.java:319)
	at com.newgen.omni.wf.util.app.ServiceFramework.executeBusinessLogic(ServiceFramework.java:138)
	at com.newgen.omni.jts.timer.WFTimerServiceBean.ejbTimeout(WFTimerServiceBean.java:109)
	at com.ibm.ejs.container.TimedObjectWrapper.invokeCallback(TimedObjectWrapper.java:125)
	at com.ibm.ejs.container.TimerTaskHandler.doWork(TimerTaskHandler.java:364)
	at com.ibm.ws.scheduler.AlarmListener.executeTaskWithNotification(AlarmListener.java:807)
	at com.ibm.ws.scheduler.AlarmListener.access$700(AlarmListener.java:124)
	at com.ibm.ws.scheduler.AlarmListener$TaskWork.doWork(AlarmListener.java:436)
	at com.ibm.ws.scheduler.AlarmListener$TaskWork.run(AlarmListener.java:222)
	at com.ibm.ws.asynchbeans.J2EEContext$RunProxy.run(J2EEContext.java:271)
	at java.security.AccessController.doPrivileged(AccessController.java:704)
	at javax.security.auth.Subject.doAs(Subject.java:490)
	at com.ibm.websphere.security.auth.WSSubject.doAs(WSSubject.java:133)
	at com.ibm.websphere.security.auth.WSSubject.doAs(WSSubject.java:91)
	at com.ibm.ws.asynchbeans.J2EEContext$DoAsProxy.run(J2EEContext.java:338)
	at java.security.AccessController.doPrivileged(AccessController.java:734)
	at com.ibm.ws.asynchbeans.J2EEContext.run(J2EEContext.java:806)
	at com.ibm.ws.asynchbeans.ExecutionContextImpl.go(ExecutionContextImpl.java:86)
	at com.ibm.ws.scheduler.AlarmListener.fireTask(AlarmListener.java:1416)
	at com.ibm.ws.scheduler.AlarmListener.fired(AlarmListener.java:1334)
	at com.ibm.ws.asynchbeans.AlarmImpl.callListenerMethod(AlarmImpl.java:427)
	at com.ibm.ws.asynchbeans.timer.GenericTimer.run(GenericTimer.java:229)
	at com.ibm.ws.asynchbeans.J2EEContext$RunProxy.run(J2EEContext.java:267)
	at java.security.AccessController.doPrivileged(AccessController.java:704)
	at javax.security.auth.Subject.doAs(Subject.java:490)
	at com.ibm.websphere.security.auth.WSSubject.doAs(WSSubject.java:133)
	at com.ibm.websphere.security.auth.WSSubject.doAs(WSSubject.java:91)
	at com.ibm.ws.asynchbeans.J2EEContext$DoAsProxy.run(J2EEContext.java:338)
	at java.security.AccessController.doPrivileged(AccessController.java:734)
	at com.ibm.ws.asynchbeans.J2EEContext.run(J2EEContext.java:1174)
	at com.ibm.ws.asynchbeans.AlarmImpl.runListenerAsCJWork(AlarmImpl.java:249)
	at com.ibm.ws.asynchbeans.am._Alarm.fireAlarm(_Alarm.java:340)
	at com.ibm.ws.asynchbeans.am._Alarm.run(_Alarm.java:237)
	at com.ibm.ws.util.ThreadPool$Worker.run(ThreadPool.java:1892)
[26 Dec 2025 11:21:06,473] - 

com.newgen.omni.wf.util.email.EMailException: java.lang.IllegalStateException: Not connected;
  nested exception is:
	java.lang.IllegalStateException: Not connected
	at com.newgen.omni.wf.util.email.MailClient.send(MailClient.java:237)
	at com.newgen.omni.wf.mailagent.Mailer.mail(Mailer.java:348)
	at com.newgen.omni.wf.mailagent.MailAgent.executeAfter(MailAgent.java:319)
	at com.newgen.omni.wf.util.app.ServiceFramework.executeBusinessLogic(ServiceFramework.java:138)
	at com.newgen.omni.jts.timer.WFTimerServiceBean.ejbTimeout(WFTimerServiceBean.java:109)
	at com.ibm.ejs.container.TimedObjectWrapper.invokeCallback(TimedObjectWrapper.java:125)
	at com.ibm.ejs.container.TimerTaskHandler.doWork(TimerTaskHandler.java:364)
	at com.ibm.ws.scheduler.AlarmListener.executeTaskWithNotification(AlarmListener.java:807)
	at com.ibm.ws.scheduler.AlarmListener.access$700(AlarmListener.java:124)
	at com.ibm.ws.scheduler.AlarmListener$TaskWork.doWork(AlarmListener.java:436)
	at com.ibm.ws.scheduler.AlarmListener$TaskWork.run(AlarmListener.java:222)
	at com.ibm.ws.asynchbeans.J2EEContext$RunProxy.run(J2EEContext.java:271)
	at java.security.AccessController.doPrivileged(AccessController.java:704)
	at javax.security.auth.Subject.doAs(Subject.java:490)
	at com.ibm.websphere.security.auth.WSSubject.doAs(WSSubject.java:133)
	at com.ibm.websphere.security.auth.WSSubject.doAs(WSSubject.java:91)
	at com.ibm.ws.asynchbeans.J2EEContext$DoAsProxy.run(J2EEContext.java:338)
	at java.security.AccessController.doPrivileged(AccessController.java:734)
	at com.ibm.ws.asynchbeans.J2EEContext.run(J2EEContext.java:806)
	at com.ibm.ws.asynchbeans.ExecutionContextImpl.go(ExecutionContextImpl.java:86)
	at com.ibm.ws.scheduler.AlarmListener.fireTask(AlarmListener.java:1416)
	at com.ibm.ws.scheduler.AlarmListener.fired(AlarmListener.java:1334)
	at com.ibm.ws.asynchbeans.AlarmImpl.callListenerMethod(AlarmImpl.java:427)
	at com.ibm.ws.asynchbeans.timer.GenericTimer.run(GenericTimer.java:229)
	at com.ibm.ws.asynchbeans.J2EEContext$RunProxy.run(J2EEContext.java:267)
	at java.security.AccessController.doPrivileged(AccessController.java:704)
	at javax.security.auth.Subject.doAs(Subject.java:490)
	at com.ibm.websphere.security.auth.WSSubject.doAs(WSSubject.java:133)
	at com.ibm.websphere.security.auth.WSSubject.doAs(WSSubject.java:91)
	at com.ibm.ws.asynchbeans.J2EEContext$DoAsProxy.run(J2EEContext.java:338)
	at java.security.AccessController.doPrivileged(AccessController.java:734)
	at com.ibm.ws.asynchbeans.J2EEContext.run(J2EEContext.java:1174)
	at com.ibm.ws.asynchbeans.AlarmImpl.runListenerAsCJWork(AlarmImpl.java:249)
	at com.ibm.ws.asynchbeans.am._Alarm.fireAlarm(_Alarm.java:340)
	at com.ibm.ws.asynchbeans.am._Alarm.run(_Alarm.java:237)
	at com.ibm.ws.util.ThreadPool$Worker.run(ThreadPool.java:1892)
Caused by: 
java.lang.IllegalStateException: Not connected
	at com.sun.mail.smtp.SMTPTransport.checkConnected(SMTPTransport.java:1817)
	at com.sun.mail.smtp.SMTPTransport.sendMessage(SMTPTransport.java:693)
	at com.newgen.omni.wf.util.email.MailClient.send(MailClient.java:231)
	... 35 more
[26 Dec 2025 11:21:06,614] - 
Error Code : -1505, Error description : Error in connecting with mail server using SMTP. Mailtaskid : 339819
[26 Dec 2025 11:21:06,614] - 
Error Code : -1505, Error description : Error in connecting with mail server using SMTP. Mailtaskid : 339819
[26 Dec 2025 11:24:06,630] - 
Error Code : -14014, Error description : Unknown error occurred during reporting mail status. Mailtaskid : 339819
[26 Dec 2025 11:24:09,661] - 
Trying with Main Mail Server hostname : 192.168.155.59, For MailTaskID : 339819, retrialCount : 4
[26 Dec 2025 11:24:09,676] - 

java.lang.IllegalStateException: Not connected
	at com.sun.mail.smtp.SMTPTransport.checkConnected(SMTPTransport.java:1817)
	at com.sun.mail.smtp.SMTPTransport.sendMessage(SMTPTransport.java:693)
	at com.newgen.omni.wf.util.email.MailClient.send(MailClient.java:231)
	at com.newgen.omni.wf.mailagent.Mailer.mail(Mailer.java:348)
	at com.newgen.omni.wf.mailagent.MailAgent.executeAfter(MailAgent.java:319)
	at com.newgen.omni.wf.util.app.ServiceFramework.executeBusinessLogic(ServiceFramework.java:138)
	at com.newgen.omni.jts.timer.WFTimerServiceBean.ejbTimeout(WFTimerServiceBean.java:109)
	at com.ibm.ejs.container.TimedObjectWrapper.invokeCallback(TimedObjectWrapper.java:125)
	at com.ibm.ejs.container.TimerTaskHandler.doWork(TimerTaskHandler.java:364)
	at com.ibm.ws.scheduler.AlarmListener.executeTaskWithNotification(AlarmListener.java:807)
	at com.ibm.ws.scheduler.AlarmListener.access$700(AlarmListener.java:124)
	at com.ibm.ws.scheduler.AlarmListener$TaskWork.doWork(AlarmListener.java:436)
	at com.ibm.ws.scheduler.AlarmListener$TaskWork.run(AlarmListener.java:222)
	at com.ibm.ws.asynchbeans.J2EEContext$RunProxy.run(J2EEContext.java:271)
	at java.security.AccessController.doPrivileged(AccessController.java:704)
	at javax.security.auth.Subject.doAs(Subject.java:490)
	at com.ibm.websphere.security.auth.WSSubject.doAs(WSSubject.java:133)
	at com.ibm.websphere.security.auth.WSSubject.doAs(WSSubject.java:91)
	at com.ibm.ws.asynchbeans.J2EEContext$DoAsProxy.run(J2EEContext.java:338)
	at java.security.AccessController.doPrivileged(AccessController.java:734)
	at com.ibm.ws.asynchbeans.J2EEContext.run(J2EEContext.java:806)
	at com.ibm.ws.asynchbeans.ExecutionContextImpl.go(ExecutionContextImpl.java:86)
	at com.ibm.ws.scheduler.AlarmListener.fireTask(AlarmListener.java:1416)
	at com.ibm.ws.scheduler.AlarmListener.fired(AlarmListener.java:1334)
	at com.ibm.ws.asynchbeans.AlarmImpl.callListenerMethod(AlarmImpl.java:427)
	at com.ibm.ws.asynchbeans.timer.GenericTimer.run(GenericTimer.java:229)
	at com.ibm.ws.asynchbeans.J2EEContext$RunProxy.run(J2EEContext.java:267)
	at java.security.AccessController.doPrivileged(AccessController.java:704)
	at javax.security.auth.Subject.doAs(Subject.java:490)
	at com.ibm.websphere.security.auth.WSSubject.doAs(WSSubject.java:133)
	at com.ibm.websphere.security.auth.WSSubject.doAs(WSSubject.java:91)
	at com.ibm.ws.asynchbeans.J2EEContext$DoAsProxy.run(J2EEContext.java:338)
	at java.security.AccessController.doPrivileged(AccessController.java:734)
	at com.ibm.ws.asynchbeans.J2EEContext.run(J2EEContext.java:1174)
	at com.ibm.ws.asynchbeans.AlarmImpl.runListenerAsCJWork(AlarmImpl.java:249)
	at com.ibm.ws.asynchbeans.am._Alarm.fireAlarm(_Alarm.java:340)
	at com.ibm.ws.asynchbeans.am._Alarm.run(_Alarm.java:237)
	at com.ibm.ws.util.ThreadPool$Worker.run(ThreadPool.java:1892)
[26 Dec 2025 11:24:09,676] - 

com.newgen.omni.wf.util.email.EMailException: java.lang.IllegalStateException: Not connected;
  nested exception is:
	java.lang.IllegalStateException: Not connected
	at com.newgen.omni.wf.util.email.MailClient.send(MailClient.java:237)
	at com.newgen.omni.wf.mailagent.Mailer.mail(Mailer.java:348)
	at com.newgen.omni.wf.mailagent.MailAgent.executeAfter(MailAgent.java:319)
	at com.newgen.omni.wf.util.app.ServiceFramework.executeBusinessLogic(ServiceFramework.java:138)
	at com.newgen.omni.jts.timer.WFTimerServiceBean.ejbTimeout(WFTimerServiceBean.java:109)
	at com.ibm.ejs.container.TimedObjectWrapper.invokeCallback(TimedObjectWrapper.java:125)
	at com.ibm.ejs.container.TimerTaskHandler.doWork(TimerTaskHandler.java:364)
	at com.ibm.ws.scheduler.AlarmListener.executeTaskWithNotification(AlarmListener.java:807)
	at com.ibm.ws.scheduler.AlarmListener.access$700(AlarmListener.java:124)
	at com.ibm.ws.scheduler.AlarmListener$TaskWork.doWork(AlarmListener.java:436)
	at com.ibm.ws.scheduler.AlarmListener$TaskWork.run(AlarmListener.java:222)
	at com.ibm.ws.asynchbeans.J2EEContext$RunProxy.run(J2EEContext.java:271)
	at java.security.AccessController.doPrivileged(AccessController.java:704)
	at javax.security.auth.Subject.doAs(Subject.java:490)
	at com.ibm.websphere.security.auth.WSSubject.doAs(WSSubject.java:133)
	at com.ibm.websphere.security.auth.WSSubject.doAs(WSSubject.java:91)
	at com.ibm.ws.asynchbeans.J2EEContext$DoAsProxy.run(J2EEContext.java:338)
	at java.security.AccessController.doPrivileged(AccessController.java:734)
	at com.ibm.ws.asynchbeans.J2EEContext.run(J2EEContext.java:806)
	at com.ibm.ws.asynchbeans.ExecutionContextImpl.go(ExecutionContextImpl.java:86)
	at com.ibm.ws.scheduler.AlarmListener.fireTask(AlarmListener.java:1416)
	at com.ibm.ws.scheduler.AlarmListener.fired(AlarmListener.java:1334)
	at com.ibm.ws.asynchbeans.AlarmImpl.callListenerMethod(AlarmImpl.java:427)
	at com.ibm.ws.asynchbeans.timer.GenericTimer.run(GenericTimer.java:229)
	at com.ibm.ws.asynchbeans.J2EEContext$RunProxy.run(J2EEContext.java:267)
	at java.security.AccessController.doPrivileged(AccessController.java:704)
	at javax.security.auth.Subject.doAs(Subject.java:490)
	at com.ibm.websphere.security.auth.WSSubject.doAs(WSSubject.java:133)
	at com.ibm.websphere.security.auth.WSSubject.doAs(WSSubject.java:91)
	at com.ibm.ws.asynchbeans.J2EEContext$DoAsProxy.run(J2EEContext.java:338)
	at java.security.AccessController.doPrivileged(AccessController.java:734)
	at com.ibm.ws.asynchbeans.J2EEContext.run(J2EEContext.java:1174)
	at com.ibm.ws.asynchbeans.AlarmImpl.runListenerAsCJWork(AlarmImpl.java:249)
	at com.ibm.ws.asynchbeans.am._Alarm.fireAlarm(_Alarm.java:340)
	at com.ibm.ws.asynchbeans.am._Alarm.run(_Alarm.java:237)
	at com.ibm.ws.util.ThreadPool$Worker.run(ThreadPool.java:1892)
Caused by: 
java.lang.IllegalStateException: Not connected
	at com.sun.mail.smtp.SMTPTransport.checkConnected(SMTPTransport.java:1817)
	at com.sun.mail.smtp.SMTPTransport.sendMessage(SMTPTransport.java:693)
	at com.newgen.omni.wf.util.email.MailClient.send(MailClient.java:231)
	... 35 more
[26 Dec 2025 11:24:09,801] - 
Error Code : -1505, Error description : Error in connecting with mail server using SMTP. Mailtaskid : 339819
[26 Dec 2025 11:24:09,801] - 
Error Code : -1505, Error description : Error in connecting with mail server using SMTP. Mailtaskid : 339819
[26 Dec 2025 11:27:09,818] - 
Error Code : -14014, Error description : Unknown error occurred during reporting mail status. Mailtaskid : 339819
[26 Dec 2025 11:27:12,849] - 
Trying with Main Mail Server hostname : 192.168.155.59, For MailTaskID : 339820, retrialCount : 0
[26 Dec 2025 11:27:12,865] - 

java.lang.IllegalStateException: Not connected
	at com.sun.mail.smtp.SMTPTransport.checkConnected(SMTPTransport.java:1817)
	at com.sun.mail.smtp.SMTPTransport.sendMessage(SMTPTransport.java:693)
	at com.newgen.omni.wf.util.email.MailClient.send(MailClient.java:231)
	at com.newgen.omni.wf.mailagent.Mailer.mail(Mailer.java:348)
	at com.newgen.omni.wf.mailagent.MailAgent.executeAfter(MailAgent.java:319)
	at com.newgen.omni.wf.util.app.ServiceFramework.executeBusinessLogic(ServiceFramework.java:138)
	at com.newgen.omni.jts.timer.WFTimerServiceBean.ejbTimeout(WFTimerServiceBean.java:109)
	at com.ibm.ejs.container.TimedObjectWrapper.invokeCallback(TimedObjectWrapper.java:125)
	at com.ibm.ejs.container.TimerTaskHandler.doWork(TimerTaskHandler.java:364)
	at com.ibm.ws.scheduler.AlarmListener.executeTaskWithNotification(AlarmListener.java:807)
	at com.ibm.ws.scheduler.AlarmListener.access$700(AlarmListener.java:124)
	at com.ibm.ws.scheduler.AlarmListener$TaskWork.doWork(AlarmListener.java:436)
	at com.ibm.ws.scheduler.AlarmListener$TaskWork.run(AlarmListener.java:222)
	at com.ibm.ws.asynchbeans.J2EEContext$RunProxy.run(J2EEContext.java:271)
	at java.security.AccessController.doPrivileged(AccessController.java:704)
	at javax.security.auth.Subject.doAs(Subject.java:490)
	at com.ibm.websphere.security.auth.WSSubject.doAs(WSSubject.java:133)
	at com.ibm.websphere.security.auth.WSSubject.doAs(WSSubject.java:91)
	at com.ibm.ws.asynchbeans.J2EEContext$DoAsProxy.run(J2EEContext.java:338)
	at java.security.AccessController.doPrivileged(AccessController.java:734)
	at com.ibm.ws.asynchbeans.J2EEContext.run(J2EEContext.java:806)
	at com.ibm.ws.asynchbeans.ExecutionContextImpl.go(ExecutionContextImpl.java:86)
	at com.ibm.ws.scheduler.AlarmListener.fireTask(AlarmListener.java:1416)
	at com.ibm.ws.scheduler.AlarmListener.fired(AlarmListener.java:1334)
	at com.ibm.ws.asynchbeans.AlarmImpl.callListenerMethod(AlarmImpl.java:427)
	at com.ibm.ws.asynchbeans.timer.GenericTimer.run(GenericTimer.java:229)
	at com.ibm.ws.asynchbeans.J2EEContext$RunProxy.run(J2EEContext.java:267)
	at java.security.AccessController.doPrivileged(AccessController.java:704)
	at javax.security.auth.Subject.doAs(Subject.java:490)
	at com.ibm.websphere.security.auth.WSSubject.doAs(WSSubject.java:133)
	at com.ibm.websphere.security.auth.WSSubject.doAs(WSSubject.java:91)
	at com.ibm.ws.asynchbeans.J2EEContext$DoAsProxy.run(J2EEContext.java:338)
	at java.security.AccessController.doPrivileged(AccessController.java:734)
	at com.ibm.ws.asynchbeans.J2EEContext.run(J2EEContext.java:1174)
	at com.ibm.ws.asynchbeans.AlarmImpl.runListenerAsCJWork(AlarmImpl.java:249)
	at com.ibm.ws.asynchbeans.am._Alarm.fireAlarm(_Alarm.java:340)
	at com.ibm.ws.asynchbeans.am._Alarm.run(_Alarm.java:237)
	at com.ibm.ws.util.ThreadPool$Worker.run(ThreadPool.java:1892)
[26 Dec 2025 11:27:12,865] - 

com.newgen.omni.wf.util.email.EMailException: java.lang.IllegalStateException: Not connected;
  nested exception is:
	java.lang.IllegalStateException: Not connected
	at com.newgen.omni.wf.util.email.MailClient.send(MailClient.java:237)
	at com.newgen.omni.wf.mailagent.Mailer.mail(Mailer.java:348)
	at com.newgen.omni.wf.mailagent.MailAgent.executeAfter(MailAgent.java:319)
	at com.newgen.omni.wf.util.app.ServiceFramework.executeBusinessLogic(ServiceFramework.java:138)
	at com.newgen.omni.jts.timer.WFTimerServiceBean.ejbTimeout(WFTimerServiceBean.java:109)
	at com.ibm.ejs.container.TimedObjectWrapper.invokeCallback(TimedObjectWrapper.java:125)
	at com.ibm.ejs.container.TimerTaskHandler.doWork(TimerTaskHandler.java:364)
	at com.ibm.ws.scheduler.AlarmListener.executeTaskWithNotification(AlarmListener.java:807)
	at com.ibm.ws.scheduler.AlarmListener.access$700(AlarmListener.java:124)
	at com.ibm.ws.scheduler.AlarmListener$TaskWork.doWork(AlarmListener.java:436)
	at com.ibm.ws.scheduler.AlarmListener$TaskWork.run(AlarmListener.java:222)
	at com.ibm.ws.asynchbeans.J2EEContext$RunProxy.run(J2EEContext.java:271)
	at java.security.AccessController.doPrivileged(AccessController.java:704)
	at javax.security.auth.Subject.doAs(Subject.java:490)
	at com.ibm.websphere.security.auth.WSSubject.doAs(WSSubject.java:133)
	at com.ibm.websphere.security.auth.WSSubject.doAs(WSSubject.java:91)
	at com.ibm.ws.asynchbeans.J2EEContext$DoAsProxy.run(J2EEContext.java:338)
	at java.security.AccessController.doPrivileged(AccessController.java:734)
	at com.ibm.ws.asynchbeans.J2EEContext.run(J2EEContext.java:806)
	at com.ibm.ws.asynchbeans.ExecutionContextImpl.go(ExecutionContextImpl.java:86)
	at com.ibm.ws.scheduler.AlarmListener.fireTask(AlarmListener.java:1416)
	at com.ibm.ws.scheduler.AlarmListener.fired(AlarmListener.java:1334)
	at com.ibm.ws.asynchbeans.AlarmImpl.callListenerMethod(AlarmImpl.java:427)
	at com.ibm.ws.asynchbeans.timer.GenericTimer.run(GenericTimer.java:229)
	at com.ibm.ws.asynchbeans.J2EEContext$RunProxy.run(J2EEContext.java:267)
	at java.security.AccessController.doPrivileged(AccessController.java:704)
	at javax.security.auth.Subject.doAs(Subject.java:490)
	at com.ibm.websphere.security.auth.WSSubject.doAs(WSSubject.java:133)
	at com.ibm.websphere.security.auth.WSSubject.doAs(WSSubject.java:91)
	at com.ibm.ws.asynchbeans.J2EEContext$DoAsProxy.run(J2EEContext.java:338)
	at java.security.AccessController.doPrivileged(AccessController.java:734)
	at com.ibm.ws.asynchbeans.J2EEContext.run(J2EEContext.java:1174)
	at com.ibm.ws.asynchbeans.AlarmImpl.runListenerAsCJWork(AlarmImpl.java:249)
	at com.ibm.ws.asynchbeans.am._Alarm.fireAlarm(_Alarm.java:340)
	at com.ibm.ws.asynchbeans.am._Alarm.run(_Alarm.java:237)
	at com.ibm.ws.util.ThreadPool$Worker.run(ThreadPool.java:1892)
Caused by: 
java.lang.IllegalStateException: Not connected
	at com.sun.mail.smtp.SMTPTransport.checkConnected(SMTPTransport.java:1817)
	at com.sun.mail.smtp.SMTPTransport.sendMessage(SMTPTransport.java:693)
	at com.newgen.omni.wf.util.email.MailClient.send(MailClient.java:231)
	... 35 more
[26 Dec 2025 11:27:12,990] - 
Error Code : -1505, Error description : Error in connecting with mail server using SMTP. Mailtaskid : 339820
[26 Dec 2025 11:27:12,990] - 
Error Code : -1505, Error description : Error in connecting with mail server using SMTP. Mailtaskid : 339820
[26 Dec 2025 11:30:12,991] - 
Error Code : 11, Error description : Invalid session found during reporting mail status. Mailtaskid : 339820
[26 Dec 2025 11:30:14,631] - 
Starting Mailing Agent initialization.
[26 Dec 2025 11:30:14,647] - 
Connecting with mail server.
[26 Dec 2025 11:30:14,709] - 
Mailing Agent Load] : Error in connecting with mail server using SMTP : com.newgen.omni.wf.util.app.exception.AppGenericException: javax.mail.MessagingException: Exception reading response;
  nested exception is:
	javax.net.ssl.SSLException: Unsupported or unrecognized SSL message
[26 Dec 2025 11:30:14,709] - 
Error Code : -1505, Error description : Error in connecting with mail server using SMTP.
[26 Dec 2025 11:30:15,709] - 
Retrying with main Mail Server
[26 Dec 2025 11:30:15,709] - 
Connecting with mail server.
[26 Dec 2025 11:30:15,756] - 
Mailing Agent Load] : Error in connecting with mail server using SMTP : com.newgen.omni.wf.util.app.exception.AppGenericException: javax.mail.MessagingException: Exception reading response;
  nested exception is:
	javax.net.ssl.SSLException: Unsupported or unrecognized SSL message
[26 Dec 2025 11:30:15,756] - 
Error Code : -1505, Error description : Error in connecting with mail server using SMTP.
[26 Dec 2025 11:30:16,772] - 
Retrying with main Mail Server
[26 Dec 2025 11:30:16,772] - 
Connecting with mail server.
[26 Dec 2025 11:30:16,818] - 
Mailing Agent Load] : Error in connecting with mail server using SMTP : com.newgen.omni.wf.util.app.exception.AppGenericException: javax.mail.MessagingException: Exception reading response;
  nested exception is:
	javax.net.ssl.SSLException: Unsupported or unrecognized SSL message
[26 Dec 2025 11:30:16,818] - 
Error Code : -1505, Error description : Error in connecting with mail server using SMTP.
[26 Dec 2025 11:30:17,818] - 
Retrying with main Mail Server
[26 Dec 2025 11:30:17,834] - 
Trying with Main Mail Server hostname : 192.168.155.59, For MailTaskID : 339821, retrialCount : 0
[26 Dec 2025 11:30:17,834] - 

java.lang.IllegalStateException: Not connected
	at com.sun.mail.smtp.SMTPTransport.checkConnected(SMTPTransport.java:1817)
	at com.sun.mail.smtp.SMTPTransport.sendMessage(SMTPTransport.java:693)
	at com.newgen.omni.wf.util.email.MailClient.send(MailClient.java:231)
	at com.newgen.omni.wf.mailagent.Mailer.mail(Mailer.java:348)
	at com.newgen.omni.wf.mailagent.MailAgent.executeAfter(MailAgent.java:319)
	at com.newgen.omni.wf.util.app.ServiceFramework.executeBusinessLogic(ServiceFramework.java:138)
	at com.newgen.omni.jts.timer.WFTimerServiceBean.ejbTimeout(WFTimerServiceBean.java:109)
	at com.ibm.ejs.container.TimedObjectWrapper.invokeCallback(TimedObjectWrapper.java:125)
	at com.ibm.ejs.container.TimerTaskHandler.doWork(TimerTaskHandler.java:364)
	at com.ibm.ws.scheduler.AlarmListener.executeTaskWithNotification(AlarmListener.java:807)
	at com.ibm.ws.scheduler.AlarmListener.access$700(AlarmListener.java:124)
	at com.ibm.ws.scheduler.AlarmListener$TaskWork.doWork(AlarmListener.java:436)
	at com.ibm.ws.scheduler.AlarmListener$TaskWork.run(AlarmListener.java:222)
	at com.ibm.ws.asynchbeans.J2EEContext$RunProxy.run(J2EEContext.java:271)
	at java.security.AccessController.doPrivileged(AccessController.java:704)
	at javax.security.auth.Subject.doAs(Subject.java:490)
	at com.ibm.websphere.security.auth.WSSubject.doAs(WSSubject.java:133)
	at com.ibm.websphere.security.auth.WSSubject.doAs(WSSubject.java:91)
	at com.ibm.ws.asynchbeans.J2EEContext$DoAsProxy.run(J2EEContext.java:338)
	at java.security.AccessController.doPrivileged(AccessController.java:734)
	at com.ibm.ws.asynchbeans.J2EEContext.run(J2EEContext.java:806)
	at com.ibm.ws.asynchbeans.ExecutionContextImpl.go(ExecutionContextImpl.java:86)
	at com.ibm.ws.scheduler.AlarmListener.fireTask(AlarmListener.java:1416)
	at com.ibm.ws.scheduler.AlarmListener.fired(AlarmListener.java:1334)
	at com.ibm.ws.asynchbeans.AlarmImpl.callListenerMethod(AlarmImpl.java:427)
	at com.ibm.ws.asynchbeans.timer.GenericTimer.run(GenericTimer.java:229)
	at com.ibm.ws.asynchbeans.J2EEContext$RunProxy.run(J2EEContext.java:267)
	at java.security.AccessController.doPrivileged(AccessController.java:704)
	at javax.security.auth.Subject.doAs(Subject.java:490)
	at com.ibm.websphere.security.auth.WSSubject.doAs(WSSubject.java:133)
	at com.ibm.websphere.security.auth.WSSubject.doAs(WSSubject.java:91)
	at com.ibm.ws.asynchbeans.J2EEContext$DoAsProxy.run(J2EEContext.java:338)
	at java.security.AccessController.doPrivileged(AccessController.java:734)
	at com.ibm.ws.asynchbeans.J2EEContext.run(J2EEContext.java:1174)
	at com.ibm.ws.asynchbeans.AlarmImpl.runListenerAsCJWork(AlarmImpl.java:249)
	at com.ibm.ws.asynchbeans.am._Alarm.fireAlarm(_Alarm.java:340)
	at com.ibm.ws.asynchbeans.am._Alarm.run(_Alarm.java:237)
	at com.ibm.ws.util.ThreadPool$Worker.run(ThreadPool.java:1892)
[26 Dec 2025 11:30:17,834] - 

com.newgen.omni.wf.util.email.EMailException: java.lang.IllegalStateException: Not connected;
  nested exception is:
	java.lang.IllegalStateException: Not connected
	at com.newgen.omni.wf.util.email.MailClient.send(MailClient.java:237)
	at com.newgen.omni.wf.mailagent.Mailer.mail(Mailer.java:348)
	at com.newgen.omni.wf.mailagent.MailAgent.executeAfter(MailAgent.java:319)
	at com.newgen.omni.wf.util.app.ServiceFramework.executeBusinessLogic(ServiceFramework.java:138)
	at com.newgen.omni.jts.timer.WFTimerServiceBean.ejbTimeout(WFTimerServiceBean.java:109)
	at com.ibm.ejs.container.TimedObjectWrapper.invokeCallback(TimedObjectWrapper.java:125)
	at com.ibm.ejs.container.TimerTaskHandler.doWork(TimerTaskHandler.java:364)
	at com.ibm.ws.scheduler.AlarmListener.executeTaskWithNotification(AlarmListener.java:807)
	at com.ibm.ws.scheduler.AlarmListener.access$700(AlarmListener.java:124)
	at com.ibm.ws.scheduler.AlarmListener$TaskWork.doWork(AlarmListener.java:436)
	at com.ibm.ws.scheduler.AlarmListener$TaskWork.run(AlarmListener.java:222)
	at com.ibm.ws.asynchbeans.J2EEContext$RunProxy.run(J2EEContext.java:271)
	at java.security.AccessController.doPrivileged(AccessController.java:704)
	at javax.security.auth.Subject.doAs(Subject.java:490)
	at com.ibm.websphere.security.auth.WSSubject.doAs(WSSubject.java:133)
	at com.ibm.websphere.security.auth.WSSubject.doAs(WSSubject.java:91)
	at com.ibm.ws.asynchbeans.J2EEContext$DoAsProxy.run(J2EEContext.java:338)
	at java.security.AccessController.doPrivileged(AccessController.java:734)
	at com.ibm.ws.asynchbeans.J2EEContext.run(J2EEContext.java:806)
	at com.ibm.ws.asynchbeans.ExecutionContextImpl.go(ExecutionContextImpl.java:86)
	at com.ibm.ws.scheduler.AlarmListener.fireTask(AlarmListener.java:1416)
	at com.ibm.ws.scheduler.AlarmListener.fired(AlarmListener.java:1334)
	at com.ibm.ws.asynchbeans.AlarmImpl.callListenerMethod(AlarmImpl.java:427)
	at com.ibm.ws.asynchbeans.timer.GenericTimer.run(GenericTimer.java:229)
	at com.ibm.ws.asynchbeans.J2EEContext$RunProxy.run(J2EEContext.java:267)
	at java.security.AccessController.doPrivileged(AccessController.java:704)
	at javax.security.auth.Subject.doAs(Subject.java:490)
	at com.ibm.websphere.security.auth.WSSubject.doAs(WSSubject.java:133)
	at com.ibm.websphere.security.auth.WSSubject.doAs(WSSubject.java:91)
	at com.ibm.ws.asynchbeans.J2EEContext$DoAsProxy.run(J2EEContext.java:338)
	at java.security.AccessController.doPrivileged(AccessController.java:734)
	at com.ibm.ws.asynchbeans.J2EEContext.run(J2EEContext.java:1174)
	at com.ibm.ws.asynchbeans.AlarmImpl.runListenerAsCJWork(AlarmImpl.java:249)
	at com.ibm.ws.asynchbeans.am._Alarm.fireAlarm(_Alarm.java:340)
	at com.ibm.ws.asynchbeans.am._Alarm.run(_Alarm.java:237)
	at com.ibm.ws.util.ThreadPool$Worker.run(ThreadPool.java:1892)
Caused by: 
java.lang.IllegalStateException: Not connected
	at com.sun.mail.smtp.SMTPTransport.checkConnected(SMTPTransport.java:1817)
	at com.sun.mail.smtp.SMTPTransport.sendMessage(SMTPTransport.java:693)
	at com.newgen.omni.wf.util.email.MailClient.send(MailClient.java:231)
	... 35 more
[26 Dec 2025 11:30:17,881] - 
Error Code : -1505, Error description : Error in connecting with mail server using SMTP. Mailtaskid : 339821
[26 Dec 2025 11:30:17,897] - 
Error Code : -1505, Error description : Error in connecting with mail server using SMTP. Mailtaskid : 339821
[26 Dec 2025 11:33:17,915] - 
Error Code : 11, Error description : Invalid session found during reporting mail status. Mailtaskid : 339821
[26 Dec 2025 11:33:18,353] - 
Starting Mailing Agent initialization.
[26 Dec 2025 11:33:18,369] - 
Connecting with mail server.
[26 Dec 2025 11:33:18,431] - 
Mailing Agent Load] : Error in connecting with mail server using SMTP : com.newgen.omni.wf.util.app.exception.AppGenericException: javax.mail.MessagingException: Exception reading response;
  nested exception is:
	javax.net.ssl.SSLException: Unsupported or unrecognized SSL message
[26 Dec 2025 11:33:18,431] - 
Error Code : -1505, Error description : Error in connecting with mail server using SMTP.
[26 Dec 2025 11:33:19,447] - 
Retrying with main Mail Server
[26 Dec 2025 11:33:19,447] - 
Connecting with mail server.
[26 Dec 2025 11:33:19,494] - 
Mailing Agent Load] : Error in connecting with mail server using SMTP : com.newgen.omni.wf.util.app.exception.AppGenericException: javax.mail.MessagingException: Exception reading response;
  nested exception is:
	javax.net.ssl.SSLException: Unsupported or unrecognized SSL message
[26 Dec 2025 11:33:19,494] - 
Error Code : -1505, Error description : Error in connecting with mail server using SMTP.
[26 Dec 2025 11:33:20,494] - 
Retrying with main Mail Server
[26 Dec 2025 11:33:20,494] - 
Connecting with mail server.
[26 Dec 2025 11:33:20,540] - 
Mailing Agent Load] : Error in connecting with mail server using SMTP : com.newgen.omni.wf.util.app.exception.AppGenericException: javax.mail.MessagingException: Exception reading response;
  nested exception is:
	javax.net.ssl.SSLException: Unsupported or unrecognized SSL message
[26 Dec 2025 11:33:20,540] - 
Error Code : -1505, Error description : Error in connecting with mail server using SMTP.
[26 Dec 2025 11:33:21,541] - 
Retrying with main Mail Server
[26 Dec 2025 11:33:21,556] - 
Trying with Main Mail Server hostname : 192.168.155.59, For MailTaskID : 339822, retrialCount : 0
[26 Dec 2025 11:33:21,556] - 

java.lang.IllegalStateException: Not connected
	at com.sun.mail.smtp.SMTPTransport.checkConnected(SMTPTransport.java:1817)
	at com.sun.mail.smtp.SMTPTransport.sendMessage(SMTPTransport.java:693)
	at com.newgen.omni.wf.util.email.MailClient.send(MailClient.java:231)
	at com.newgen.omni.wf.mailagent.Mailer.mail(Mailer.java:348)
	at com.newgen.omni.wf.mailagent.MailAgent.executeAfter(MailAgent.java:319)
	at com.newgen.omni.wf.util.app.ServiceFramework.executeBusinessLogic(ServiceFramework.java:138)
	at com.newgen.omni.jts.timer.WFTimerServiceBean.ejbTimeout(WFTimerServiceBean.java:109)
	at com.ibm.ejs.container.TimedObjectWrapper.invokeCallback(TimedObjectWrapper.java:125)
	at com.ibm.ejs.container.TimerTaskHandler.doWork(TimerTaskHandler.java:364)
	at com.ibm.ws.scheduler.AlarmListener.executeTaskWithNotification(AlarmListener.java:807)
	at com.ibm.ws.scheduler.AlarmListener.access$700(AlarmListener.java:124)
	at com.ibm.ws.scheduler.AlarmListener$TaskWork.doWork(AlarmListener.java:436)
	at com.ibm.ws.scheduler.AlarmListener$TaskWork.run(AlarmListener.java:222)
	at com.ibm.ws.asynchbeans.J2EEContext$RunProxy.run(J2EEContext.java:271)
	at java.security.AccessController.doPrivileged(AccessController.java:704)
	at javax.security.auth.Subject.doAs(Subject.java:490)
	at com.ibm.websphere.security.auth.WSSubject.doAs(WSSubject.java:133)
	at com.ibm.websphere.security.auth.WSSubject.doAs(WSSubject.java:91)
	at com.ibm.ws.asynchbeans.J2EEContext$DoAsProxy.run(J2EEContext.java:338)
	at java.security.AccessController.doPrivileged(AccessController.java:734)
	at com.ibm.ws.asynchbeans.J2EEContext.run(J2EEContext.java:806)
	at com.ibm.ws.asynchbeans.ExecutionContextImpl.go(ExecutionContextImpl.java:86)
	at com.ibm.ws.scheduler.AlarmListener.fireTask(AlarmListener.java:1416)
	at com.ibm.ws.scheduler.AlarmListener.fired(AlarmListener.java:1334)
	at com.ibm.ws.asynchbeans.AlarmImpl.callListenerMethod(AlarmImpl.java:427)
	at com.ibm.ws.asynchbeans.timer.GenericTimer.run(GenericTimer.java:229)
	at com.ibm.ws.asynchbeans.J2EEContext$RunProxy.run(J2EEContext.java:267)
	at java.security.AccessController.doPrivileged(AccessController.java:704)
	at javax.security.auth.Subject.doAs(Subject.java:490)
	at com.ibm.websphere.security.auth.WSSubject.doAs(WSSubject.java:133)
	at com.ibm.websphere.security.auth.WSSubject.doAs(WSSubject.java:91)
	at com.ibm.ws.asynchbeans.J2EEContext$DoAsProxy.run(J2EEContext.java:338)
	at java.security.AccessController.doPrivileged(AccessController.java:734)
	at com.ibm.ws.asynchbeans.J2EEContext.run(J2EEContext.java:1174)
	at com.ibm.ws.asynchbeans.AlarmImpl.runListenerAsCJWork(AlarmImpl.java:249)
	at com.ibm.ws.asynchbeans.am._Alarm.fireAlarm(_Alarm.java:340)
	at com.ibm.ws.asynchbeans.am._Alarm.run(_Alarm.java:237)
	at com.ibm.ws.util.ThreadPool$Worker.run(ThreadPool.java:1892)
[26 Dec 2025 11:33:21,556] - 

com.newgen.omni.wf.util.email.EMailException: java.lang.IllegalStateException: Not connected;
  nested exception is:
	java.lang.IllegalStateException: Not connected
	at com.newgen.omni.wf.util.email.MailClient.send(MailClient.java:237)
	at com.newgen.omni.wf.mailagent.Mailer.mail(Mailer.java:348)
	at com.newgen.omni.wf.mailagent.MailAgent.executeAfter(MailAgent.java:319)
	at com.newgen.omni.wf.util.app.ServiceFramework.executeBusinessLogic(ServiceFramework.java:138)
	at com.newgen.omni.jts.timer.WFTimerServiceBean.ejbTimeout(WFTimerServiceBean.java:109)
	at com.ibm.ejs.container.TimedObjectWrapper.invokeCallback(TimedObjectWrapper.java:125)
	at com.ibm.ejs.container.TimerTaskHandler.doWork(TimerTaskHandler.java:364)
	at com.ibm.ws.scheduler.AlarmListener.executeTaskWithNotification(AlarmListener.java:807)
	at com.ibm.ws.scheduler.AlarmListener.access$700(AlarmListener.java:124)
	at com.ibm.ws.scheduler.AlarmListener$TaskWork.doWork(AlarmListener.java:436)
	at com.ibm.ws.scheduler.AlarmListener$TaskWork.run(AlarmListener.java:222)
	at com.ibm.ws.asynchbeans.J2EEContext$RunProxy.run(J2EEContext.java:271)
	at java.security.AccessController.doPrivileged(AccessController.java:704)
	at javax.security.auth.Subject.doAs(Subject.java:490)
	at com.ibm.websphere.security.auth.WSSubject.doAs(WSSubject.java:133)
	at com.ibm.websphere.security.auth.WSSubject.doAs(WSSubject.java:91)
	at com.ibm.ws.asynchbeans.J2EEContext$DoAsProxy.run(J2EEContext.java:338)
	at java.security.AccessController.doPrivileged(AccessController.java:734)
	at com.ibm.ws.asynchbeans.J2EEContext.run(J2EEContext.java:806)
	at com.ibm.ws.asynchbeans.ExecutionContextImpl.go(ExecutionContextImpl.java:86)
	at com.ibm.ws.scheduler.AlarmListener.fireTask(AlarmListener.java:1416)
	at com.ibm.ws.scheduler.AlarmListener.fired(AlarmListener.java:1334)
	at com.ibm.ws.asynchbeans.AlarmImpl.callListenerMethod(AlarmImpl.java:427)
	at com.ibm.ws.asynchbeans.timer.GenericTimer.run(GenericTimer.java:229)
	at com.ibm.ws.asynchbeans.J2EEContext$RunProxy.run(J2EEContext.java:267)
	at java.security.AccessController.doPrivileged(AccessController.java:704)
	at javax.security.auth.Subject.doAs(Subject.java:490)
	at com.ibm.websphere.security.auth.WSSubject.doAs(WSSubject.java:133)
	at com.ibm.websphere.security.auth.WSSubject.doAs(WSSubject.java:91)
	at com.ibm.ws.asynchbeans.J2EEContext$DoAsProxy.run(J2EEContext.java:338)
	at java.security.AccessController.doPrivileged(AccessController.java:734)
	at com.ibm.ws.asynchbeans.J2EEContext.run(J2EEContext.java:1174)
	at com.ibm.ws.asynchbeans.AlarmImpl.runListenerAsCJWork(AlarmImpl.java:249)
	at com.ibm.ws.asynchbeans.am._Alarm.fireAlarm(_Alarm.java:340)
	at com.ibm.ws.asynchbeans.am._Alarm.run(_Alarm.java:237)
	at com.ibm.ws.util.ThreadPool$Worker.run(ThreadPool.java:1892)
Caused by: 
java.lang.IllegalStateException: Not connected
	at com.sun.mail.smtp.SMTPTransport.checkConnected(SMTPTransport.java:1817)
	at com.sun.mail.smtp.SMTPTransport.sendMessage(SMTPTransport.java:693)
	at com.newgen.omni.wf.util.email.MailClient.send(MailClient.java:231)
	... 35 more
[26 Dec 2025 11:33:21,603] - 
Error Code : -1505, Error description : Error in connecting with mail server using SMTP. Mailtaskid : 339822
[26 Dec 2025 11:33:21,603] - 
Error Code : -1505, Error description : Error in connecting with mail server using SMTP. Mailtaskid : 339822
[26 Dec 2025 11:36:21,626] - 
Error Code : 11, Error description : Invalid session found during reporting mail status. Mailtaskid : 339822
[26 Dec 2025 11:36:22,094] - 
Starting Mailing Agent initialization.
[26 Dec 2025 11:36:22,110] - 
Connecting with mail server.
[26 Dec 2025 11:36:22,157] - 
Mailing Agent Load] : Error in connecting with mail server using SMTP : com.newgen.omni.wf.util.app.exception.AppGenericException: javax.mail.MessagingException: Exception reading response;
  nested exception is:
	javax.net.ssl.SSLException: Unsupported or unrecognized SSL message
[26 Dec 2025 11:36:22,157] - 
Error Code : -1505, Error description : Error in connecting with mail server using SMTP.
[26 Dec 2025 11:36:23,173] - 
Retrying with main Mail Server
[26 Dec 2025 11:36:23,173] - 
Connecting with mail server.
[26 Dec 2025 11:36:23,235] - 
Mailing Agent Load] : Error in connecting with mail server using SMTP : com.newgen.omni.wf.util.app.exception.AppGenericException: javax.mail.MessagingException: Exception reading response;
  nested exception is:
	javax.net.ssl.SSLException: Unsupported or unrecognized SSL message
[26 Dec 2025 11:36:23,235] - 
Error Code : -1505, Error description : Error in connecting with mail server using SMTP.
[26 Dec 2025 11:36:24,251] - 
Retrying with main Mail Server
[26 Dec 2025 11:36:24,251] - 
Connecting with mail server.
[26 Dec 2025 11:36:24,298] - 
Mailing Agent Load] : Error in connecting with mail server using SMTP : com.newgen.omni.wf.util.app.exception.AppGenericException: javax.mail.MessagingException: Exception reading response;
  nested exception is:
	javax.net.ssl.SSLException: Unsupported or unrecognized SSL message
[26 Dec 2025 11:36:24,298] - 
Error Code : -1505, Error description : Error in connecting with mail server using SMTP.
[26 Dec 2025 11:36:25,298] - 
Retrying with main Mail Server
[26 Dec 2025 11:36:25,313] - 
Trying with Main Mail Server hostname : 192.168.155.59, For MailTaskID : 339823, retrialCount : 0
[26 Dec 2025 11:36:25,313] - 

java.lang.IllegalStateException: Not connected
	at com.sun.mail.smtp.SMTPTransport.checkConnected(SMTPTransport.java:1817)
	at com.sun.mail.smtp.SMTPTransport.sendMessage(SMTPTransport.java:693)
	at com.newgen.omni.wf.util.email.MailClient.send(MailClient.java:231)
	at com.newgen.omni.wf.mailagent.Mailer.mail(Mailer.java:348)
	at com.newgen.omni.wf.mailagent.MailAgent.executeAfter(MailAgent.java:319)
	at com.newgen.omni.wf.util.app.ServiceFramework.executeBusinessLogic(ServiceFramework.java:138)
	at com.newgen.omni.jts.timer.WFTimerServiceBean.ejbTimeout(WFTimerServiceBean.java:109)
	at com.ibm.ejs.container.TimedObjectWrapper.invokeCallback(TimedObjectWrapper.java:125)
	at com.ibm.ejs.container.TimerTaskHandler.doWork(TimerTaskHandler.java:364)
	at com.ibm.ws.scheduler.AlarmListener.executeTaskWithNotification(AlarmListener.java:807)
	at com.ibm.ws.scheduler.AlarmListener.access$700(AlarmListener.java:124)
	at com.ibm.ws.scheduler.AlarmListener$TaskWork.doWork(AlarmListener.java:436)
	at com.ibm.ws.scheduler.AlarmListener$TaskWork.run(AlarmListener.java:222)
	at com.ibm.ws.asynchbeans.J2EEContext$RunProxy.run(J2EEContext.java:271)
	at java.security.AccessController.doPrivileged(AccessController.java:704)
	at javax.security.auth.Subject.doAs(Subject.java:490)
	at com.ibm.websphere.security.auth.WSSubject.doAs(WSSubject.java:133)
	at com.ibm.websphere.security.auth.WSSubject.doAs(WSSubject.java:91)
	at com.ibm.ws.asynchbeans.J2EEContext$DoAsProxy.run(J2EEContext.java:338)
	at java.security.AccessController.doPrivileged(AccessController.java:734)
	at com.ibm.ws.asynchbeans.J2EEContext.run(J2EEContext.java:806)
	at com.ibm.ws.asynchbeans.ExecutionContextImpl.go(ExecutionContextImpl.java:86)
	at com.ibm.ws.scheduler.AlarmListener.fireTask(AlarmListener.java:1416)
	at com.ibm.ws.scheduler.AlarmListener.fired(AlarmListener.java:1334)
	at com.ibm.ws.asynchbeans.AlarmImpl.callListenerMethod(AlarmImpl.java:427)
	at com.ibm.ws.asynchbeans.timer.GenericTimer.run(GenericTimer.java:229)
	at com.ibm.ws.asynchbeans.J2EEContext$RunProxy.run(J2EEContext.java:267)
	at java.security.AccessController.doPrivileged(AccessController.java:704)
	at javax.security.auth.Subject.doAs(Subject.java:490)
	at com.ibm.websphere.security.auth.WSSubject.doAs(WSSubject.java:133)
	at com.ibm.websphere.security.auth.WSSubject.doAs(WSSubject.java:91)
	at com.ibm.ws.asynchbeans.J2EEContext$DoAsProxy.run(J2EEContext.java:338)
	at java.security.AccessController.doPrivileged(AccessController.java:734)
	at com.ibm.ws.asynchbeans.J2EEContext.run(J2EEContext.java:1174)
	at com.ibm.ws.asynchbeans.AlarmImpl.runListenerAsCJWork(AlarmImpl.java:249)
	at com.ibm.ws.asynchbeans.am._Alarm.fireAlarm(_Alarm.java:340)
	at com.ibm.ws.asynchbeans.am._Alarm.run(_Alarm.java:237)
	at com.ibm.ws.util.ThreadPool$Worker.run(ThreadPool.java:1892)
[26 Dec 2025 11:36:25,313] - 

com.newgen.omni.wf.util.email.EMailException: java.lang.IllegalStateException: Not connected;
  nested exception is:
	java.lang.IllegalStateException: Not connected
	at com.newgen.omni.wf.util.email.MailClient.send(MailClient.java:237)
	at com.newgen.omni.wf.mailagent.Mailer.mail(Mailer.java:348)
	at com.newgen.omni.wf.mailagent.MailAgent.executeAfter(MailAgent.java:319)
	at com.newgen.omni.wf.util.app.ServiceFramework.executeBusinessLogic(ServiceFramework.java:138)
	at com.newgen.omni.jts.timer.WFTimerServiceBean.ejbTimeout(WFTimerServiceBean.java:109)
	at com.ibm.ejs.container.TimedObjectWrapper.invokeCallback(TimedObjectWrapper.java:125)
	at com.ibm.ejs.container.TimerTaskHandler.doWork(TimerTaskHandler.java:364)
	at com.ibm.ws.scheduler.AlarmListener.executeTaskWithNotification(AlarmListener.java:807)
	at com.ibm.ws.scheduler.AlarmListener.access$700(AlarmListener.java:124)
	at com.ibm.ws.scheduler.AlarmListener$TaskWork.doWork(AlarmListener.java:436)
	at com.ibm.ws.scheduler.AlarmListener$TaskWork.run(AlarmListener.java:222)
	at com.ibm.ws.asynchbeans.J2EEContext$RunProxy.run(J2EEContext.java:271)
	at java.security.AccessController.doPrivileged(AccessController.java:704)
	at javax.security.auth.Subject.doAs(Subject.java:490)
	at com.ibm.websphere.security.auth.WSSubject.doAs(WSSubject.java:133)
	at com.ibm.websphere.security.auth.WSSubject.doAs(WSSubject.java:91)
	at com.ibm.ws.asynchbeans.J2EEContext$DoAsProxy.run(J2EEContext.java:338)
	at java.security.AccessController.doPrivileged(AccessController.java:734)
	at com.ibm.ws.asynchbeans.J2EEContext.run(J2EEContext.java:806)
	at com.ibm.ws.asynchbeans.ExecutionContextImpl.go(ExecutionContextImpl.java:86)
	at com.ibm.ws.scheduler.AlarmListener.fireTask(AlarmListener.java:1416)
	at com.ibm.ws.scheduler.AlarmListener.fired(AlarmListener.java:1334)
	at com.ibm.ws.asynchbeans.AlarmImpl.callListenerMethod(AlarmImpl.java:427)
	at com.ibm.ws.asynchbeans.timer.GenericTimer.run(GenericTimer.java:229)
	at com.ibm.ws.asynchbeans.J2EEContext$RunProxy.run(J2EEContext.java:267)
	at java.security.AccessController.doPrivileged(AccessController.java:704)
	at javax.security.auth.Subject.doAs(Subject.java:490)
	at com.ibm.websphere.security.auth.WSSubject.doAs(WSSubject.java:133)
	at com.ibm.websphere.security.auth.WSSubject.doAs(WSSubject.java:91)
	at com.ibm.ws.asynchbeans.J2EEContext$DoAsProxy.run(J2EEContext.java:338)
	at java.security.AccessController.doPrivileged(AccessController.java:734)
	at com.ibm.ws.asynchbeans.J2EEContext.run(J2EEContext.java:1174)
	at com.ibm.ws.asynchbeans.AlarmImpl.runListenerAsCJWork(AlarmImpl.java:249)
	at com.ibm.ws.asynchbeans.am._Alarm.fireAlarm(_Alarm.java:340)
	at com.ibm.ws.asynchbeans.am._Alarm.run(_Alarm.java:237)
	at com.ibm.ws.util.ThreadPool$Worker.run(ThreadPool.java:1892)
Caused by: 
java.lang.IllegalStateException: Not connected
	at com.sun.mail.smtp.SMTPTransport.checkConnected(SMTPTransport.java:1817)
	at com.sun.mail.smtp.SMTPTransport.sendMessage(SMTPTransport.java:693)
	at com.newgen.omni.wf.util.email.MailClient.send(MailClient.java:231)
	... 35 more
[26 Dec 2025 11:36:25,376] - 
Error Code : -1505, Error description : Error in connecting with mail server using SMTP. Mailtaskid : 339823
[26 Dec 2025 11:36:25,376] - 
Error Code : -1505, Error description : Error in connecting with mail server using SMTP. Mailtaskid : 339823
[26 Dec 2025 11:39:25,382] - 
Error Code : 11, Error description : Invalid session found during reporting mail status. Mailtaskid : 339823
[26 Dec 2025 11:39:27,164] - 
Starting Mailing Agent initialization.
[26 Dec 2025 11:39:27,179] - 
Connecting with mail server.
[26 Dec 2025 11:39:27,320] - 
Mailing Agent Load] : Error in connecting with mail server using SMTP : com.newgen.omni.wf.util.app.exception.AppGenericException: javax.mail.MessagingException: Can't send command to SMTP host;
  nested exception is:
	javax.net.ssl.SSLHandshakeException: PKIX path building failed: com.ibm.security.cert.IBMCertPathBuilderException: unable to find valid certification path to requested target
[26 Dec 2025 11:39:27,320] - 
Error Code : -1505, Error description : Error in connecting with mail server using SMTP.
[26 Dec 2025 11:39:28,320] - 
Retrying with main Mail Server
[26 Dec 2025 11:39:28,320] - 
Connecting with mail server.
[26 Dec 2025 11:39:28,476] - 
Mailing Agent Load] : Error in connecting with mail server using SMTP : com.newgen.omni.wf.util.app.exception.AppGenericException: javax.mail.MessagingException: Can't send command to SMTP host;
  nested exception is:
	javax.net.ssl.SSLHandshakeException: PKIX path building failed: com.ibm.security.cert.IBMCertPathBuilderException: unable to find valid certification path to requested target
[26 Dec 2025 11:39:28,476] - 
Error Code : -1505, Error description : Error in connecting with mail server using SMTP.
[26 Dec 2025 11:39:29,477] - 
Retrying with main Mail Server
[26 Dec 2025 11:39:29,477] - 
Connecting with mail server.
[26 Dec 2025 11:39:29,601] - 
Mailing Agent Load] : Error in connecting with mail server using SMTP : com.newgen.omni.wf.util.app.exception.AppGenericException: javax.mail.MessagingException: Can't send command to SMTP host;
  nested exception is:
	javax.net.ssl.SSLHandshakeException: PKIX path building failed: com.ibm.security.cert.IBMCertPathBuilderException: unable to find valid certification path to requested target
[26 Dec 2025 11:39:29,601] - 
Error Code : -1505, Error description : Error in connecting with mail server using SMTP.
[26 Dec 2025 11:39:30,601] - 
Retrying with main Mail Server
[26 Dec 2025 11:39:30,617] - 
Trying with Main Mail Server hostname : 192.168.155.59, For MailTaskID : 339824, retrialCount : 0
[26 Dec 2025 11:39:30,617] - 

java.lang.IllegalStateException: Not connected
	at com.sun.mail.smtp.SMTPTransport.checkConnected(SMTPTransport.java:1817)
	at com.sun.mail.smtp.SMTPTransport.sendMessage(SMTPTransport.java:693)
	at com.newgen.omni.wf.util.email.MailClient.send(MailClient.java:231)
	at com.newgen.omni.wf.mailagent.Mailer.mail(Mailer.java:348)
	at com.newgen.omni.wf.mailagent.MailAgent.executeAfter(MailAgent.java:319)
	at com.newgen.omni.wf.util.app.ServiceFramework.executeBusinessLogic(ServiceFramework.java:138)
	at com.newgen.omni.jts.timer.WFTimerServiceBean.ejbTimeout(WFTimerServiceBean.java:109)
	at com.ibm.ejs.container.TimedObjectWrapper.invokeCallback(TimedObjectWrapper.java:125)
	at com.ibm.ejs.container.TimerTaskHandler.doWork(TimerTaskHandler.java:364)
	at com.ibm.ws.scheduler.AlarmListener.executeTaskWithNotification(AlarmListener.java:807)
	at com.ibm.ws.scheduler.AlarmListener.access$700(AlarmListener.java:124)
	at com.ibm.ws.scheduler.AlarmListener$TaskWork.doWork(AlarmListener.java:436)
	at com.ibm.ws.scheduler.AlarmListener$TaskWork.run(AlarmListener.java:222)
	at com.ibm.ws.asynchbeans.J2EEContext$RunProxy.run(J2EEContext.java:271)
	at java.security.AccessController.doPrivileged(AccessController.java:704)
	at javax.security.auth.Subject.doAs(Subject.java:490)
	at com.ibm.websphere.security.auth.WSSubject.doAs(WSSubject.java:133)
	at com.ibm.websphere.security.auth.WSSubject.doAs(WSSubject.java:91)
	at com.ibm.ws.asynchbeans.J2EEContext$DoAsProxy.run(J2EEContext.java:338)
	at java.security.AccessController.doPrivileged(AccessController.java:734)
	at com.ibm.ws.asynchbeans.J2EEContext.run(J2EEContext.java:806)
	at com.ibm.ws.asynchbeans.ExecutionContextImpl.go(ExecutionContextImpl.java:86)
	at com.ibm.ws.scheduler.AlarmListener.fireTask(AlarmListener.java:1416)
	at com.ibm.ws.scheduler.AlarmListener.fired(AlarmListener.java:1334)
	at com.ibm.ws.asynchbeans.AlarmImpl.callListenerMethod(AlarmImpl.java:427)
	at com.ibm.ws.asynchbeans.timer.GenericTimer.run(GenericTimer.java:229)
	at com.ibm.ws.asynchbeans.J2EEContext$RunProxy.run(J2EEContext.java:267)
	at java.security.AccessController.doPrivileged(AccessController.java:704)
	at javax.security.auth.Subject.doAs(Subject.java:490)
	at com.ibm.websphere.security.auth.WSSubject.doAs(WSSubject.java:133)
	at com.ibm.websphere.security.auth.WSSubject.doAs(WSSubject.java:91)
	at com.ibm.ws.asynchbeans.J2EEContext$DoAsProxy.run(J2EEContext.java:338)
	at java.security.AccessController.doPrivileged(AccessController.java:734)
	at com.ibm.ws.asynchbeans.J2EEContext.run(J2EEContext.java:1174)
	at com.ibm.ws.asynchbeans.AlarmImpl.runListenerAsCJWork(AlarmImpl.java:249)
	at com.ibm.ws.asynchbeans.am._Alarm.fireAlarm(_Alarm.java:340)
	at com.ibm.ws.asynchbeans.am._Alarm.run(_Alarm.java:237)
	at com.ibm.ws.util.ThreadPool$Worker.run(ThreadPool.java:1892)
[26 Dec 2025 11:39:30,617] - 

com.newgen.omni.wf.util.email.EMailException: java.lang.IllegalStateException: Not connected;
  nested exception is:
	java.lang.IllegalStateException: Not connected
	at com.newgen.omni.wf.util.email.MailClient.send(MailClient.java:237)
	at com.newgen.omni.wf.mailagent.Mailer.mail(Mailer.java:348)
	at com.newgen.omni.wf.mailagent.MailAgent.executeAfter(MailAgent.java:319)
	at com.newgen.omni.wf.util.app.ServiceFramework.executeBusinessLogic(ServiceFramework.java:138)
	at com.newgen.omni.jts.timer.WFTimerServiceBean.ejbTimeout(WFTimerServiceBean.java:109)
	at com.ibm.ejs.container.TimedObjectWrapper.invokeCallback(TimedObjectWrapper.java:125)
	at com.ibm.ejs.container.TimerTaskHandler.doWork(TimerTaskHandler.java:364)
	at com.ibm.ws.scheduler.AlarmListener.executeTaskWithNotification(AlarmListener.java:807)
	at com.ibm.ws.scheduler.AlarmListener.access$700(AlarmListener.java:124)
	at com.ibm.ws.scheduler.AlarmListener$TaskWork.doWork(AlarmListener.java:436)
	at com.ibm.ws.scheduler.AlarmListener$TaskWork.run(AlarmListener.java:222)
	at com.ibm.ws.asynchbeans.J2EEContext$RunProxy.run(J2EEContext.java:271)
	at java.security.AccessController.doPrivileged(AccessController.java:704)
	at javax.security.auth.Subject.doAs(Subject.java:490)
	at com.ibm.websphere.security.auth.WSSubject.doAs(WSSubject.java:133)
	at com.ibm.websphere.security.auth.WSSubject.doAs(WSSubject.java:91)
	at com.ibm.ws.asynchbeans.J2EEContext$DoAsProxy.run(J2EEContext.java:338)
	at java.security.AccessController.doPrivileged(AccessController.java:734)
	at com.ibm.ws.asynchbeans.J2EEContext.run(J2EEContext.java:806)
	at com.ibm.ws.asynchbeans.ExecutionContextImpl.go(ExecutionContextImpl.java:86)
	at com.ibm.ws.scheduler.AlarmListener.fireTask(AlarmListener.java:1416)
	at com.ibm.ws.scheduler.AlarmListener.fired(AlarmListener.java:1334)
	at com.ibm.ws.asynchbeans.AlarmImpl.callListenerMethod(AlarmImpl.java:427)
	at com.ibm.ws.asynchbeans.timer.GenericTimer.run(GenericTimer.java:229)
	at com.ibm.ws.asynchbeans.J2EEContext$RunProxy.run(J2EEContext.java:267)
	at java.security.AccessController.doPrivileged(AccessController.java:704)
	at javax.security.auth.Subject.doAs(Subject.java:490)
	at com.ibm.websphere.security.auth.WSSubject.doAs(WSSubject.java:133)
	at com.ibm.websphere.security.auth.WSSubject.doAs(WSSubject.java:91)
	at com.ibm.ws.asynchbeans.J2EEContext$DoAsProxy.run(J2EEContext.java:338)
	at java.security.AccessController.doPrivileged(AccessController.java:734)
	at com.ibm.ws.asynchbeans.J2EEContext.run(J2EEContext.java:1174)
	at com.ibm.ws.asynchbeans.AlarmImpl.runListenerAsCJWork(AlarmImpl.java:249)
	at com.ibm.ws.asynchbeans.am._Alarm.fireAlarm(_Alarm.java:340)
	at com.ibm.ws.asynchbeans.am._Alarm.run(_Alarm.java:237)
	at com.ibm.ws.util.ThreadPool$Worker.run(ThreadPool.java:1892)
Caused by: 
java.lang.IllegalStateException: Not connected
	at com.sun.mail.smtp.SMTPTransport.checkConnected(SMTPTransport.java:1817)
	at com.sun.mail.smtp.SMTPTransport.sendMessage(SMTPTransport.java:693)
	at com.newgen.omni.wf.util.email.MailClient.send(MailClient.java:231)
	... 35 more
[26 Dec 2025 11:39:30,757] - 
Error Code : -1505, Error description : Error in connecting with mail server using SMTP. Mailtaskid : 339824
[26 Dec 2025 11:39:30,757] - 
Error Code : -1505, Error description : Error in connecting with mail server using SMTP. Mailtaskid : 339824
[26 Dec 2025 11:42:30,763] - 
Error Code : 11, Error description : Invalid session found during reporting mail status. Mailtaskid : 339824
[26 Dec 2025 11:42:31,294] - 
Starting Mailing Agent initialization.
[26 Dec 2025 11:42:31,310] - 
Connecting with mail server.
[26 Dec 2025 11:42:31,450] - 
Mailing Agent Load] : Error in connecting with mail server using SMTP : com.newgen.omni.wf.util.app.exception.AppGenericException: javax.mail.MessagingException: Can't send command to SMTP host;
  nested exception is:
	javax.net.ssl.SSLHandshakeException: PKIX path building failed: com.ibm.security.cert.IBMCertPathBuilderException: unable to find valid certification path to requested target
[26 Dec 2025 11:42:31,450] - 
Error Code : -1505, Error description : Error in connecting with mail server using SMTP.
[26 Dec 2025 11:42:32,450] - 
Retrying with main Mail Server
[26 Dec 2025 11:42:32,450] - 
Connecting with mail server.
[26 Dec 2025 11:42:32,591] - 
Mailing Agent Load] : Error in connecting with mail server using SMTP : com.newgen.omni.wf.util.app.exception.AppGenericException: javax.mail.MessagingException: Can't send command to SMTP host;
  nested exception is:
	javax.net.ssl.SSLHandshakeException: PKIX path building failed: com.ibm.security.cert.IBMCertPathBuilderException: unable to find valid certification path to requested target
[26 Dec 2025 11:42:32,591] - 
Error Code : -1505, Error description : Error in connecting with mail server using SMTP.
[26 Dec 2025 11:42:33,592] - 
Retrying with main Mail Server
[26 Dec 2025 11:42:33,592] - 
Connecting with mail server.
[26 Dec 2025 11:42:33,952] - 
Mailing Agent Load] : Error in connecting with mail server using SMTP : com.newgen.omni.wf.util.app.exception.AppGenericException: javax.mail.MessagingException: Can't send command to SMTP host;
  nested exception is:
	javax.net.ssl.SSLHandshakeException: PKIX path building failed: com.ibm.security.cert.IBMCertPathBuilderException: unable to find valid certification path to requested target
[26 Dec 2025 11:42:33,952] - 
Error Code : -1505, Error description : Error in connecting with mail server using SMTP.
[26 Dec 2025 11:42:34,960] - 
Retrying with main Mail Server
[26 Dec 2025 11:42:34,976] - 
Trying with Main Mail Server hostname : 192.168.155.59, For MailTaskID : 339825, retrialCount : 0
[26 Dec 2025 11:42:34,976] - 

java.lang.IllegalStateException: Not connected
	at com.sun.mail.smtp.SMTPTransport.checkConnected(SMTPTransport.java:1817)
	at com.sun.mail.smtp.SMTPTransport.sendMessage(SMTPTransport.java:693)
	at com.newgen.omni.wf.util.email.MailClient.send(MailClient.java:231)
	at com.newgen.omni.wf.mailagent.Mailer.mail(Mailer.java:348)
	at com.newgen.omni.wf.mailagent.MailAgent.executeAfter(MailAgent.java:319)
	at com.newgen.omni.wf.util.app.ServiceFramework.executeBusinessLogic(ServiceFramework.java:138)
	at com.newgen.omni.jts.timer.WFTimerServiceBean.ejbTimeout(WFTimerServiceBean.java:109)
	at com.ibm.ejs.container.TimedObjectWrapper.invokeCallback(TimedObjectWrapper.java:125)
	at com.ibm.ejs.container.TimerTaskHandler.doWork(TimerTaskHandler.java:364)
	at com.ibm.ws.scheduler.AlarmListener.executeTaskWithNotification(AlarmListener.java:807)
	at com.ibm.ws.scheduler.AlarmListener.access$700(AlarmListener.java:124)
	at com.ibm.ws.scheduler.AlarmListener$TaskWork.doWork(AlarmListener.java:436)
	at com.ibm.ws.scheduler.AlarmListener$TaskWork.run(AlarmListener.java:222)
	at com.ibm.ws.asynchbeans.J2EEContext$RunProxy.run(J2EEContext.java:271)
	at java.security.AccessController.doPrivileged(AccessController.java:704)
	at javax.security.auth.Subject.doAs(Subject.java:490)
	at com.ibm.websphere.security.auth.WSSubject.doAs(WSSubject.java:133)
	at com.ibm.websphere.security.auth.WSSubject.doAs(WSSubject.java:91)
	at com.ibm.ws.asynchbeans.J2EEContext$DoAsProxy.run(J2EEContext.java:338)
	at java.security.AccessController.doPrivileged(AccessController.java:734)
	at com.ibm.ws.asynchbeans.J2EEContext.run(J2EEContext.java:806)
	at com.ibm.ws.asynchbeans.ExecutionContextImpl.go(ExecutionContextImpl.java:86)
	at com.ibm.ws.scheduler.AlarmListener.fireTask(AlarmListener.java:1416)
	at com.ibm.ws.scheduler.AlarmListener.fired(AlarmListener.java:1334)
	at com.ibm.ws.asynchbeans.AlarmImpl.callListenerMethod(AlarmImpl.java:427)
	at com.ibm.ws.asynchbeans.timer.GenericTimer.run(GenericTimer.java:229)
	at com.ibm.ws.asynchbeans.J2EEContext$RunProxy.run(J2EEContext.java:267)
	at java.security.AccessController.doPrivileged(AccessController.java:704)
	at javax.security.auth.Subject.doAs(Subject.java:490)
	at com.ibm.websphere.security.auth.WSSubject.doAs(WSSubject.java:133)
	at com.ibm.websphere.security.auth.WSSubject.doAs(WSSubject.java:91)
	at com.ibm.ws.asynchbeans.J2EEContext$DoAsProxy.run(J2EEContext.java:338)
	at java.security.AccessController.doPrivileged(AccessController.java:734)
	at com.ibm.ws.asynchbeans.J2EEContext.run(J2EEContext.java:1174)
	at com.ibm.ws.asynchbeans.AlarmImpl.runListenerAsCJWork(AlarmImpl.java:249)
	at com.ibm.ws.asynchbeans.am._Alarm.fireAlarm(_Alarm.java:340)
	at com.ibm.ws.asynchbeans.am._Alarm.run(_Alarm.java:237)
	at com.ibm.ws.util.ThreadPool$Worker.run(ThreadPool.java:1892)
[26 Dec 2025 11:42:34,976] - 

com.newgen.omni.wf.util.email.EMailException: java.lang.IllegalStateException: Not connected;
  nested exception is:
	java.lang.IllegalStateException: Not connected
	at com.newgen.omni.wf.util.email.MailClient.send(MailClient.java:237)
	at com.newgen.omni.wf.mailagent.Mailer.mail(Mailer.java:348)
	at com.newgen.omni.wf.mailagent.MailAgent.executeAfter(MailAgent.java:319)
	at com.newgen.omni.wf.util.app.ServiceFramework.executeBusinessLogic(ServiceFramework.java:138)
	at com.newgen.omni.jts.timer.WFTimerServiceBean.ejbTimeout(WFTimerServiceBean.java:109)
	at com.ibm.ejs.container.TimedObjectWrapper.invokeCallback(TimedObjectWrapper.java:125)
	at com.ibm.ejs.container.TimerTaskHandler.doWork(TimerTaskHandler.java:364)
	at com.ibm.ws.scheduler.AlarmListener.executeTaskWithNotification(AlarmListener.java:807)
	at com.ibm.ws.scheduler.AlarmListener.access$700(AlarmListener.java:124)
	at com.ibm.ws.scheduler.AlarmListener$TaskWork.doWork(AlarmListener.java:436)
	at com.ibm.ws.scheduler.AlarmListener$TaskWork.run(AlarmListener.java:222)
	at com.ibm.ws.asynchbeans.J2EEContext$RunProxy.run(J2EEContext.java:271)
	at java.security.AccessController.doPrivileged(AccessController.java:704)
	at javax.security.auth.Subject.doAs(Subject.java:490)
	at com.ibm.websphere.security.auth.WSSubject.doAs(WSSubject.java:133)
	at com.ibm.websphere.security.auth.WSSubject.doAs(WSSubject.java:91)
	at com.ibm.ws.asynchbeans.J2EEContext$DoAsProxy.run(J2EEContext.java:338)
	at java.security.AccessController.doPrivileged(AccessController.java:734)
	at com.ibm.ws.asynchbeans.J2EEContext.run(J2EEContext.java:806)
	at com.ibm.ws.asynchbeans.ExecutionContextImpl.go(ExecutionContextImpl.java:86)
	at com.ibm.ws.scheduler.AlarmListener.fireTask(AlarmListener.java:1416)
	at com.ibm.ws.scheduler.AlarmListener.fired(AlarmListener.java:1334)
	at com.ibm.ws.asynchbeans.AlarmImpl.callListenerMethod(AlarmImpl.java:427)
	at com.ibm.ws.asynchbeans.timer.GenericTimer.run(GenericTimer.java:229)
	at com.ibm.ws.asynchbeans.J2EEContext$RunProxy.run(J2EEContext.java:267)
	at java.security.AccessController.doPrivileged(AccessController.java:704)
	at javax.security.auth.Subject.doAs(Subject.java:490)
	at com.ibm.websphere.security.auth.WSSubject.doAs(WSSubject.java:133)
	at com.ibm.websphere.security.auth.WSSubject.doAs(WSSubject.java:91)
	at com.ibm.ws.asynchbeans.J2EEContext$DoAsProxy.run(J2EEContext.java:338)
	at java.security.AccessController.doPrivileged(AccessController.java:734)
	at com.ibm.ws.asynchbeans.J2EEContext.run(J2EEContext.java:1174)
	at com.ibm.ws.asynchbeans.AlarmImpl.runListenerAsCJWork(AlarmImpl.java:249)
	at com.ibm.ws.asynchbeans.am._Alarm.fireAlarm(_Alarm.java:340)
	at com.ibm.ws.asynchbeans.am._Alarm.run(_Alarm.java:237)
	at com.ibm.ws.util.ThreadPool$Worker.run(ThreadPool.java:1892)
Caused by: 
java.lang.IllegalStateException: Not connected
	at com.sun.mail.smtp.SMTPTransport.checkConnected(SMTPTransport.java:1817)
	at com.sun.mail.smtp.SMTPTransport.sendMessage(SMTPTransport.java:693)
	at com.newgen.omni.wf.util.email.MailClient.send(MailClient.java:231)
	... 35 more
[26 Dec 2025 11:42:35,101] - 
Error Code : -1505, Error description : Error in connecting with mail server using SMTP. Mailtaskid : 339825
[26 Dec 2025 11:42:35,101] - 
Error Code : -1505, Error description : Error in connecting with mail server using SMTP. Mailtaskid : 339825
[26 Dec 2025 11:45:35,116] - 
Error Code : 11, Error description : Invalid session found during reporting mail status. Mailtaskid : 339825
[26 Dec 2025 11:45:40,757] - 
Starting Mailing Agent initialization.
[26 Dec 2025 11:45:40,773] - 
Connecting with mail server.
[26 Dec 2025 11:45:40,929] - 
Mailing Agent Load] : Error in connecting with mail server using SMTP : com.newgen.omni.wf.util.app.exception.AppGenericException: javax.mail.MessagingException: Can't send command to SMTP host;
  nested exception is:
	javax.net.ssl.SSLHandshakeException: PKIX path building failed: com.ibm.security.cert.IBMCertPathBuilderException: unable to find valid certification path to requested target
[26 Dec 2025 11:45:40,929] - 
Error Code : -1505, Error description : Error in connecting with mail server using SMTP.
[26 Dec 2025 11:45:41,929] - 
Retrying with main Mail Server
[26 Dec 2025 11:45:41,929] - 
Connecting with mail server.
[26 Dec 2025 11:45:42,085] - 
Mailing Agent Load] : Error in connecting with mail server using SMTP : com.newgen.omni.wf.util.app.exception.AppGenericException: javax.mail.MessagingException: Can't send command to SMTP host;
  nested exception is:
	javax.net.ssl.SSLHandshakeException: PKIX path building failed: com.ibm.security.cert.IBMCertPathBuilderException: unable to find valid certification path to requested target
[26 Dec 2025 11:45:42,085] - 
Error Code : -1505, Error description : Error in connecting with mail server using SMTP.
[26 Dec 2025 11:45:43,085] - 
Retrying with main Mail Server
[26 Dec 2025 11:45:43,085] - 
Connecting with mail server.
[26 Dec 2025 11:45:43,210] - 
Mailing Agent Load] : Error in connecting with mail server using SMTP : com.newgen.omni.wf.util.app.exception.AppGenericException: javax.mail.MessagingException: Can't send command to SMTP host;
  nested exception is:
	javax.net.ssl.SSLHandshakeException: PKIX path building failed: com.ibm.security.cert.IBMCertPathBuilderException: unable to find valid certification path to requested target
[26 Dec 2025 11:45:43,210] - 
Error Code : -1505, Error description : Error in connecting with mail server using SMTP.
[26 Dec 2025 11:45:44,210] - 
Retrying with main Mail Server
[26 Dec 2025 11:45:44,226] - 
Trying with Main Mail Server hostname : 192.168.155.59, For MailTaskID : 339826, retrialCount : 0
[26 Dec 2025 11:45:44,226] - 

java.lang.IllegalStateException: Not connected
	at com.sun.mail.smtp.SMTPTransport.checkConnected(SMTPTransport.java:1817)
	at com.sun.mail.smtp.SMTPTransport.sendMessage(SMTPTransport.java:693)
	at com.newgen.omni.wf.util.email.MailClient.send(MailClient.java:231)
	at com.newgen.omni.wf.mailagent.Mailer.mail(Mailer.java:348)
	at com.newgen.omni.wf.mailagent.MailAgent.executeAfter(MailAgent.java:319)
	at com.newgen.omni.wf.util.app.ServiceFramework.executeBusinessLogic(ServiceFramework.java:138)
	at com.newgen.omni.jts.timer.WFTimerServiceBean.ejbTimeout(WFTimerServiceBean.java:109)
	at com.ibm.ejs.container.TimedObjectWrapper.invokeCallback(TimedObjectWrapper.java:125)
	at com.ibm.ejs.container.TimerTaskHandler.doWork(TimerTaskHandler.java:364)
	at com.ibm.ws.scheduler.AlarmListener.executeTaskWithNotification(AlarmListener.java:807)
	at com.ibm.ws.scheduler.AlarmListener.access$700(AlarmListener.java:124)
	at com.ibm.ws.scheduler.AlarmListener$TaskWork.doWork(AlarmListener.java:436)
	at com.ibm.ws.scheduler.AlarmListener$TaskWork.run(AlarmListener.java:222)
	at com.ibm.ws.asynchbeans.J2EEContext$RunProxy.run(J2EEContext.java:271)
	at java.security.AccessController.doPrivileged(AccessController.java:704)
	at javax.security.auth.Subject.doAs(Subject.java:490)
	at com.ibm.websphere.security.auth.WSSubject.doAs(WSSubject.java:133)
	at com.ibm.websphere.security.auth.WSSubject.doAs(WSSubject.java:91)
	at com.ibm.ws.asynchbeans.J2EEContext$DoAsProxy.run(J2EEContext.java:338)
	at java.security.AccessController.doPrivileged(AccessController.java:734)
	at com.ibm.ws.asynchbeans.J2EEContext.run(J2EEContext.java:806)
	at com.ibm.ws.asynchbeans.ExecutionContextImpl.go(ExecutionContextImpl.java:86)
	at com.ibm.ws.scheduler.AlarmListener.fireTask(AlarmListener.java:1416)
	at com.ibm.ws.scheduler.AlarmListener.fired(AlarmListener.java:1334)
	at com.ibm.ws.asynchbeans.AlarmImpl.callListenerMethod(AlarmImpl.java:427)
	at com.ibm.ws.asynchbeans.timer.GenericTimer.run(GenericTimer.java:229)
	at com.ibm.ws.asynchbeans.J2EEContext$RunProxy.run(J2EEContext.java:267)
	at java.security.AccessController.doPrivileged(AccessController.java:704)
	at javax.security.auth.Subject.doAs(Subject.java:490)
	at com.ibm.websphere.security.auth.WSSubject.doAs(WSSubject.java:133)
	at com.ibm.websphere.security.auth.WSSubject.doAs(WSSubject.java:91)
	at com.ibm.ws.asynchbeans.J2EEContext$DoAsProxy.run(J2EEContext.java:338)
	at java.security.AccessController.doPrivileged(AccessController.java:734)
	at com.ibm.ws.asynchbeans.J2EEContext.run(J2EEContext.java:1174)
	at com.ibm.ws.asynchbeans.AlarmImpl.runListenerAsCJWork(AlarmImpl.java:249)
	at com.ibm.ws.asynchbeans.am._Alarm.fireAlarm(_Alarm.java:340)
	at com.ibm.ws.asynchbeans.am._Alarm.run(_Alarm.java:237)
	at com.ibm.ws.util.ThreadPool$Worker.run(ThreadPool.java:1892)
[26 Dec 2025 11:45:44,226] - 

com.newgen.omni.wf.util.email.EMailException: java.lang.IllegalStateException: Not connected;
  nested exception is:
	java.lang.IllegalStateException: Not connected
	at com.newgen.omni.wf.util.email.MailClient.send(MailClient.java:237)
	at com.newgen.omni.wf.mailagent.Mailer.mail(Mailer.java:348)
	at com.newgen.omni.wf.mailagent.MailAgent.executeAfter(MailAgent.java:319)
	at com.newgen.omni.wf.util.app.ServiceFramework.executeBusinessLogic(ServiceFramework.java:138)
	at com.newgen.omni.jts.timer.WFTimerServiceBean.ejbTimeout(WFTimerServiceBean.java:109)
	at com.ibm.ejs.container.TimedObjectWrapper.invokeCallback(TimedObjectWrapper.java:125)
	at com.ibm.ejs.container.TimerTaskHandler.doWork(TimerTaskHandler.java:364)
	at com.ibm.ws.scheduler.AlarmListener.executeTaskWithNotification(AlarmListener.java:807)
	at com.ibm.ws.scheduler.AlarmListener.access$700(AlarmListener.java:124)
	at com.ibm.ws.scheduler.AlarmListener$TaskWork.doWork(AlarmListener.java:436)
	at com.ibm.ws.scheduler.AlarmListener$TaskWork.run(AlarmListener.java:222)
	at com.ibm.ws.asynchbeans.J2EEContext$RunProxy.run(J2EEContext.java:271)
	at java.security.AccessController.doPrivileged(AccessController.java:704)
	at javax.security.auth.Subject.doAs(Subject.java:490)
	at com.ibm.websphere.security.auth.WSSubject.doAs(WSSubject.java:133)
	at com.ibm.websphere.security.auth.WSSubject.doAs(WSSubject.java:91)
	at com.ibm.ws.asynchbeans.J2EEContext$DoAsProxy.run(J2EEContext.java:338)
	at java.security.AccessController.doPrivileged(AccessController.java:734)
	at com.ibm.ws.asynchbeans.J2EEContext.run(J2EEContext.java:806)
	at com.ibm.ws.asynchbeans.ExecutionContextImpl.go(ExecutionContextImpl.java:86)
	at com.ibm.ws.scheduler.AlarmListener.fireTask(AlarmListener.java:1416)
	at com.ibm.ws.scheduler.AlarmListener.fired(AlarmListener.java:1334)
	at com.ibm.ws.asynchbeans.AlarmImpl.callListenerMethod(AlarmImpl.java:427)
	at com.ibm.ws.asynchbeans.timer.GenericTimer.run(GenericTimer.java:229)
	at com.ibm.ws.asynchbeans.J2EEContext$RunProxy.run(J2EEContext.java:267)
	at java.security.AccessController.doPrivileged(AccessController.java:704)
	at javax.security.auth.Subject.doAs(Subject.java:490)
	at com.ibm.websphere.security.auth.WSSubject.doAs(WSSubject.java:133)
	at com.ibm.websphere.security.auth.WSSubject.doAs(WSSubject.java:91)
	at com.ibm.ws.asynchbeans.J2EEContext$DoAsProxy.run(J2EEContext.java:338)
	at java.security.AccessController.doPrivileged(AccessController.java:734)
	at com.ibm.ws.asynchbeans.J2EEContext.run(J2EEContext.java:1174)
	at com.ibm.ws.asynchbeans.AlarmImpl.runListenerAsCJWork(AlarmImpl.java:249)
	at com.ibm.ws.asynchbeans.am._Alarm.fireAlarm(_Alarm.java:340)
	at com.ibm.ws.asynchbeans.am._Alarm.run(_Alarm.java:237)
	at com.ibm.ws.util.ThreadPool$Worker.run(ThreadPool.java:1892)
Caused by: 
java.lang.IllegalStateException: Not connected
	at com.sun.mail.smtp.SMTPTransport.checkConnected(SMTPTransport.java:1817)
	at com.sun.mail.smtp.SMTPTransport.sendMessage(SMTPTransport.java:693)
	at com.newgen.omni.wf.util.email.MailClient.send(MailClient.java:231)
	... 35 more
[26 Dec 2025 11:45:44,366] - 
Error Code : -1505, Error description : Error in connecting with mail server using SMTP. Mailtaskid : 339826
[26 Dec 2025 11:45:44,366] - 
Error Code : -1505, Error description : Error in connecting with mail server using SMTP. Mailtaskid : 339826
[26 Dec 2025 11:48:44,393] - 
Error Code : 11, Error description : Invalid session found during reporting mail status. Mailtaskid : 339826
[26 Dec 2025 11:48:46,533] - 
Starting Mailing Agent initialization.
[26 Dec 2025 11:48:46,549] - 
Connecting with mail server.
[26 Dec 2025 11:48:46,705] - 
Mailing Agent Load] : Error in connecting with mail server using SMTP : com.newgen.omni.wf.util.app.exception.AppGenericException: javax.mail.MessagingException: Can't send command to SMTP host;
  nested exception is:
	javax.net.ssl.SSLHandshakeException: Received fatal alert: protocol_version
[26 Dec 2025 11:48:46,705] - 
Error Code : -1505, Error description : Error in connecting with mail server using SMTP.
[26 Dec 2025 11:48:47,705] - 
Retrying with main Mail Server
[26 Dec 2025 11:48:47,705] - 
Connecting with mail server.
[26 Dec 2025 11:48:47,846] - 
Mailing Agent Load] : Error in connecting with mail server using SMTP : com.newgen.omni.wf.util.app.exception.AppGenericException: javax.mail.MessagingException: Can't send command to SMTP host;
  nested exception is:
	javax.net.ssl.SSLHandshakeException: Received fatal alert: protocol_version
[26 Dec 2025 11:48:47,846] - 
Error Code : -1505, Error description : Error in connecting with mail server using SMTP.
[26 Dec 2025 11:48:48,846] - 
Retrying with main Mail Server
[26 Dec 2025 11:48:48,846] - 
Connecting with mail server.
[26 Dec 2025 11:48:48,986] - 
Mailing Agent Load] : Error in connecting with mail server using SMTP : com.newgen.omni.wf.util.app.exception.AppGenericException: javax.mail.MessagingException: Can't send command to SMTP host;
  nested exception is:
	javax.net.ssl.SSLHandshakeException: Received fatal alert: protocol_version
[26 Dec 2025 11:48:48,986] - 
Error Code : -1505, Error description : Error in connecting with mail server using SMTP.
[26 Dec 2025 11:48:49,986] - 
Retrying with main Mail Server
[26 Dec 2025 11:48:50,002] - 
Trying with Main Mail Server hostname : 192.168.155.59, For MailTaskID : 339827, retrialCount : 0
[26 Dec 2025 11:48:50,002] - 

java.lang.IllegalStateException: Not connected
	at com.sun.mail.smtp.SMTPTransport.checkConnected(SMTPTransport.java:1817)
	at com.sun.mail.smtp.SMTPTransport.sendMessage(SMTPTransport.java:693)
	at com.newgen.omni.wf.util.email.MailClient.send(MailClient.java:231)
	at com.newgen.omni.wf.mailagent.Mailer.mail(Mailer.java:348)
	at com.newgen.omni.wf.mailagent.MailAgent.executeAfter(MailAgent.java:319)
	at com.newgen.omni.wf.util.app.ServiceFramework.executeBusinessLogic(ServiceFramework.java:138)
	at com.newgen.omni.jts.timer.WFTimerServiceBean.ejbTimeout(WFTimerServiceBean.java:109)
	at com.ibm.ejs.container.TimedObjectWrapper.invokeCallback(TimedObjectWrapper.java:125)
	at com.ibm.ejs.container.TimerTaskHandler.doWork(TimerTaskHandler.java:364)
	at com.ibm.ws.scheduler.AlarmListener.executeTaskWithNotification(AlarmListener.java:807)
	at com.ibm.ws.scheduler.AlarmListener.access$700(AlarmListener.java:124)
	at com.ibm.ws.scheduler.AlarmListener$TaskWork.doWork(AlarmListener.java:436)
	at com.ibm.ws.scheduler.AlarmListener$TaskWork.run(AlarmListener.java:222)
	at com.ibm.ws.asynchbeans.J2EEContext$RunProxy.run(J2EEContext.java:271)
	at java.security.AccessController.doPrivileged(AccessController.java:704)
	at javax.security.auth.Subject.doAs(Subject.java:490)
	at com.ibm.websphere.security.auth.WSSubject.doAs(WSSubject.java:133)
	at com.ibm.websphere.security.auth.WSSubject.doAs(WSSubject.java:91)
	at com.ibm.ws.asynchbeans.J2EEContext$DoAsProxy.run(J2EEContext.java:338)
	at java.security.AccessController.doPrivileged(AccessController.java:734)
	at com.ibm.ws.asynchbeans.J2EEContext.run(J2EEContext.java:806)
	at com.ibm.ws.asynchbeans.ExecutionContextImpl.go(ExecutionContextImpl.java:86)
	at com.ibm.ws.scheduler.AlarmListener.fireTask(AlarmListener.java:1416)
	at com.ibm.ws.scheduler.AlarmListener.fired(AlarmListener.java:1334)
	at com.ibm.ws.asynchbeans.AlarmImpl.callListenerMethod(AlarmImpl.java:427)
	at com.ibm.ws.asynchbeans.timer.GenericTimer.run(GenericTimer.java:229)
	at com.ibm.ws.asynchbeans.J2EEContext$RunProxy.run(J2EEContext.java:267)
	at java.security.AccessController.doPrivileged(AccessController.java:704)
	at javax.security.auth.Subject.doAs(Subject.java:490)
	at com.ibm.websphere.security.auth.WSSubject.doAs(WSSubject.java:133)
	at com.ibm.websphere.security.auth.WSSubject.doAs(WSSubject.java:91)
	at com.ibm.ws.asynchbeans.J2EEContext$DoAsProxy.run(J2EEContext.java:338)
	at java.security.AccessController.doPrivileged(AccessController.java:734)
	at com.ibm.ws.asynchbeans.J2EEContext.run(J2EEContext.java:1174)
	at com.ibm.ws.asynchbeans.AlarmImpl.runListenerAsCJWork(AlarmImpl.java:249)
	at com.ibm.ws.asynchbeans.am._Alarm.fireAlarm(_Alarm.java:340)
	at com.ibm.ws.asynchbeans.am._Alarm.run(_Alarm.java:237)
	at com.ibm.ws.util.ThreadPool$Worker.run(ThreadPool.java:1892)
[26 Dec 2025 11:48:50,002] - 

com.newgen.omni.wf.util.email.EMailException: java.lang.IllegalStateException: Not connected;
  nested exception is:
	java.lang.IllegalStateException: Not connected
	at com.newgen.omni.wf.util.email.MailClient.send(MailClient.java:237)
	at com.newgen.omni.wf.mailagent.Mailer.mail(Mailer.java:348)
	at com.newgen.omni.wf.mailagent.MailAgent.executeAfter(MailAgent.java:319)
	at com.newgen.omni.wf.util.app.ServiceFramework.executeBusinessLogic(ServiceFramework.java:138)
	at com.newgen.omni.jts.timer.WFTimerServiceBean.ejbTimeout(WFTimerServiceBean.java:109)
	at com.ibm.ejs.container.TimedObjectWrapper.invokeCallback(TimedObjectWrapper.java:125)
	at com.ibm.ejs.container.TimerTaskHandler.doWork(TimerTaskHandler.java:364)
	at com.ibm.ws.scheduler.AlarmListener.executeTaskWithNotification(AlarmListener.java:807)
	at com.ibm.ws.scheduler.AlarmListener.access$700(AlarmListener.java:124)
	at com.ibm.ws.scheduler.AlarmListener$TaskWork.doWork(AlarmListener.java:436)
	at com.ibm.ws.scheduler.AlarmListener$TaskWork.run(AlarmListener.java:222)
	at com.ibm.ws.asynchbeans.J2EEContext$RunProxy.run(J2EEContext.java:271)
	at java.security.AccessController.doPrivileged(AccessController.java:704)
	at javax.security.auth.Subject.doAs(Subject.java:490)
	at com.ibm.websphere.security.auth.WSSubject.doAs(WSSubject.java:133)
	at com.ibm.websphere.security.auth.WSSubject.doAs(WSSubject.java:91)
	at com.ibm.ws.asynchbeans.J2EEContext$DoAsProxy.run(J2EEContext.java:338)
	at java.security.AccessController.doPrivileged(AccessController.java:734)
	at com.ibm.ws.asynchbeans.J2EEContext.run(J2EEContext.java:806)
	at com.ibm.ws.asynchbeans.ExecutionContextImpl.go(ExecutionContextImpl.java:86)
	at com.ibm.ws.scheduler.AlarmListener.fireTask(AlarmListener.java:1416)
	at com.ibm.ws.scheduler.AlarmListener.fired(AlarmListener.java:1334)
	at com.ibm.ws.asynchbeans.AlarmImpl.callListenerMethod(AlarmImpl.java:427)
	at com.ibm.ws.asynchbeans.timer.GenericTimer.run(GenericTimer.java:229)
	at com.ibm.ws.asynchbeans.J2EEContext$RunProxy.run(J2EEContext.java:267)
	at java.security.AccessController.doPrivileged(AccessController.java:704)
	at javax.security.auth.Subject.doAs(Subject.java:490)
	at com.ibm.websphere.security.auth.WSSubject.doAs(WSSubject.java:133)
	at com.ibm.websphere.security.auth.WSSubject.doAs(WSSubject.java:91)
	at com.ibm.ws.asynchbeans.J2EEContext$DoAsProxy.run(J2EEContext.java:338)
	at java.security.AccessController.doPrivileged(AccessController.java:734)
	at com.ibm.ws.asynchbeans.J2EEContext.run(J2EEContext.java:1174)
	at com.ibm.ws.asynchbeans.AlarmImpl.runListenerAsCJWork(AlarmImpl.java:249)
	at com.ibm.ws.asynchbeans.am._Alarm.fireAlarm(_Alarm.java:340)
	at com.ibm.ws.asynchbeans.am._Alarm.run(_Alarm.java:237)
	at com.ibm.ws.util.ThreadPool$Worker.run(ThreadPool.java:1892)
Caused by: 
java.lang.IllegalStateException: Not connected
	at com.sun.mail.smtp.SMTPTransport.checkConnected(SMTPTransport.java:1817)
	at com.sun.mail.smtp.SMTPTransport.sendMessage(SMTPTransport.java:693)
	at com.newgen.omni.wf.util.email.MailClient.send(MailClient.java:231)
	... 35 more
[26 Dec 2025 11:48:50,158] - 
Error Code : -1505, Error description : Error in connecting with mail server using SMTP. Mailtaskid : 339827
[26 Dec 2025 11:48:50,158] - 
Error Code : -1505, Error description : Error in connecting with mail server using SMTP. Mailtaskid : 339827
[26 Dec 2025 11:51:50,178] - 
Error Code : -14014, Error description : Unknown error occurred during reporting mail status. Mailtaskid : 339827
[26 Dec 2025 11:51:51,553] - 
Starting Mailing Agent initialization.
[26 Dec 2025 11:51:51,568] - 
Connecting with mail server.
[26 Dec 2025 11:51:51,709] - 
Mailing Agent Load] : Error in connecting with mail server using SMTP : com.newgen.omni.wf.util.app.exception.AppGenericException: javax.mail.MessagingException: Can't send command to SMTP host;
  nested exception is:
	javax.net.ssl.SSLHandshakeException: PKIX path building failed: com.ibm.security.cert.IBMCertPathBuilderException: unable to find valid certification path to requested target
[26 Dec 2025 11:51:51,709] - 
Error Code : -1505, Error description : Error in connecting with mail server using SMTP.
[26 Dec 2025 11:51:52,709] - 
Retrying with main Mail Server
[26 Dec 2025 11:51:52,709] - 
Connecting with mail server.
[26 Dec 2025 11:51:52,834] - 
Mailing Agent Load] : Error in connecting with mail server using SMTP : com.newgen.omni.wf.util.app.exception.AppGenericException: javax.mail.MessagingException: Can't send command to SMTP host;
  nested exception is:
	javax.net.ssl.SSLHandshakeException: PKIX path building failed: com.ibm.security.cert.IBMCertPathBuilderException: unable to find valid certification path to requested target
[26 Dec 2025 11:51:52,834] - 
Error Code : -1505, Error description : Error in connecting with mail server using SMTP.
[26 Dec 2025 11:51:53,850] - 
Retrying with main Mail Server
[26 Dec 2025 11:51:53,850] - 
Connecting with mail server.
[26 Dec 2025 11:51:53,975] - 
Mailing Agent Load] : Error in connecting with mail server using SMTP : com.newgen.omni.wf.util.app.exception.AppGenericException: javax.mail.MessagingException: Can't send command to SMTP host;
  nested exception is:
	javax.net.ssl.SSLHandshakeException: PKIX path building failed: com.ibm.security.cert.IBMCertPathBuilderException: unable to find valid certification path to requested target
[26 Dec 2025 11:51:53,975] - 
Error Code : -1505, Error description : Error in connecting with mail server using SMTP.
[26 Dec 2025 11:51:54,990] - 
Retrying with main Mail Server
[26 Dec 2025 11:51:55,006] - 
Trying with Main Mail Server hostname : 192.168.155.59, For MailTaskID : 339827, retrialCount : 1
[26 Dec 2025 11:51:55,006] - 

java.lang.IllegalStateException: Not connected
	at com.sun.mail.smtp.SMTPTransport.checkConnected(SMTPTransport.java:1817)
	at com.sun.mail.smtp.SMTPTransport.sendMessage(SMTPTransport.java:693)
	at com.newgen.omni.wf.util.email.MailClient.send(MailClient.java:231)
	at com.newgen.omni.wf.mailagent.Mailer.mail(Mailer.java:348)
	at com.newgen.omni.wf.mailagent.MailAgent.executeAfter(MailAgent.java:319)
	at com.newgen.omni.wf.util.app.ServiceFramework.executeBusinessLogic(ServiceFramework.java:138)
	at com.newgen.omni.jts.timer.WFTimerServiceBean.ejbTimeout(WFTimerServiceBean.java:109)
	at com.ibm.ejs.container.TimedObjectWrapper.invokeCallback(TimedObjectWrapper.java:125)
	at com.ibm.ejs.container.TimerTaskHandler.doWork(TimerTaskHandler.java:364)
	at com.ibm.ws.scheduler.AlarmListener.executeTaskWithNotification(AlarmListener.java:807)
	at com.ibm.ws.scheduler.AlarmListener.access$700(AlarmListener.java:124)
	at com.ibm.ws.scheduler.AlarmListener$TaskWork.doWork(AlarmListener.java:436)
	at com.ibm.ws.scheduler.AlarmListener$TaskWork.run(AlarmListener.java:222)
	at com.ibm.ws.asynchbeans.J2EEContext$RunProxy.run(J2EEContext.java:271)
	at java.security.AccessController.doPrivileged(AccessController.java:704)
	at javax.security.auth.Subject.doAs(Subject.java:490)
	at com.ibm.websphere.security.auth.WSSubject.doAs(WSSubject.java:133)
	at com.ibm.websphere.security.auth.WSSubject.doAs(WSSubject.java:91)
	at com.ibm.ws.asynchbeans.J2EEContext$DoAsProxy.run(J2EEContext.java:338)
	at java.security.AccessController.doPrivileged(AccessController.java:734)
	at com.ibm.ws.asynchbeans.J2EEContext.run(J2EEContext.java:806)
	at com.ibm.ws.asynchbeans.ExecutionContextImpl.go(ExecutionContextImpl.java:86)
	at com.ibm.ws.scheduler.AlarmListener.fireTask(AlarmListener.java:1416)
	at com.ibm.ws.scheduler.AlarmListener.fired(AlarmListener.java:1334)
	at com.ibm.ws.asynchbeans.AlarmImpl.callListenerMethod(AlarmImpl.java:427)
	at com.ibm.ws.asynchbeans.timer.GenericTimer.run(GenericTimer.java:229)
	at com.ibm.ws.asynchbeans.J2EEContext$RunProxy.run(J2EEContext.java:267)
	at java.security.AccessController.doPrivileged(AccessController.java:704)
	at javax.security.auth.Subject.doAs(Subject.java:490)
	at com.ibm.websphere.security.auth.WSSubject.doAs(WSSubject.java:133)
	at com.ibm.websphere.security.auth.WSSubject.doAs(WSSubject.java:91)
	at com.ibm.ws.asynchbeans.J2EEContext$DoAsProxy.run(J2EEContext.java:338)
	at java.security.AccessController.doPrivileged(AccessController.java:734)
	at com.ibm.ws.asynchbeans.J2EEContext.run(J2EEContext.java:1174)
	at com.ibm.ws.asynchbeans.AlarmImpl.runListenerAsCJWork(AlarmImpl.java:249)
	at com.ibm.ws.asynchbeans.am._Alarm.fireAlarm(_Alarm.java:340)
	at com.ibm.ws.asynchbeans.am._Alarm.run(_Alarm.java:237)
	at com.ibm.ws.util.ThreadPool$Worker.run(ThreadPool.java:1892)
[26 Dec 2025 11:51:55,006] - 

com.newgen.omni.wf.util.email.EMailException: java.lang.IllegalStateException: Not connected;
  nested exception is:
	java.lang.IllegalStateException: Not connected
	at com.newgen.omni.wf.util.email.MailClient.send(MailClient.java:237)
	at com.newgen.omni.wf.mailagent.Mailer.mail(Mailer.java:348)
	at com.newgen.omni.wf.mailagent.MailAgent.executeAfter(MailAgent.java:319)
	at com.newgen.omni.wf.util.app.ServiceFramework.executeBusinessLogic(ServiceFramework.java:138)
	at com.newgen.omni.jts.timer.WFTimerServiceBean.ejbTimeout(WFTimerServiceBean.java:109)
	at com.ibm.ejs.container.TimedObjectWrapper.invokeCallback(TimedObjectWrapper.java:125)
	at com.ibm.ejs.container.TimerTaskHandler.doWork(TimerTaskHandler.java:364)
	at com.ibm.ws.scheduler.AlarmListener.executeTaskWithNotification(AlarmListener.java:807)
	at com.ibm.ws.scheduler.AlarmListener.access$700(AlarmListener.java:124)
	at com.ibm.ws.scheduler.AlarmListener$TaskWork.doWork(AlarmListener.java:436)
	at com.ibm.ws.scheduler.AlarmListener$TaskWork.run(AlarmListener.java:222)
	at com.ibm.ws.asynchbeans.J2EEContext$RunProxy.run(J2EEContext.java:271)
	at java.security.AccessController.doPrivileged(AccessController.java:704)
	at javax.security.auth.Subject.doAs(Subject.java:490)
	at com.ibm.websphere.security.auth.WSSubject.doAs(WSSubject.java:133)
	at com.ibm.websphere.security.auth.WSSubject.doAs(WSSubject.java:91)
	at com.ibm.ws.asynchbeans.J2EEContext$DoAsProxy.run(J2EEContext.java:338)
	at java.security.AccessController.doPrivileged(AccessController.java:734)
	at com.ibm.ws.asynchbeans.J2EEContext.run(J2EEContext.java:806)
	at com.ibm.ws.asynchbeans.ExecutionContextImpl.go(ExecutionContextImpl.java:86)
	at com.ibm.ws.scheduler.AlarmListener.fireTask(AlarmListener.java:1416)
	at com.ibm.ws.scheduler.AlarmListener.fired(AlarmListener.java:1334)
	at com.ibm.ws.asynchbeans.AlarmImpl.callListenerMethod(AlarmImpl.java:427)
	at com.ibm.ws.asynchbeans.timer.GenericTimer.run(GenericTimer.java:229)
	at com.ibm.ws.asynchbeans.J2EEContext$RunProxy.run(J2EEContext.java:267)
	at java.security.AccessController.doPrivileged(AccessController.java:704)
	at javax.security.auth.Subject.doAs(Subject.java:490)
	at com.ibm.websphere.security.auth.WSSubject.doAs(WSSubject.java:133)
	at com.ibm.websphere.security.auth.WSSubject.doAs(WSSubject.java:91)
	at com.ibm.ws.asynchbeans.J2EEContext$DoAsProxy.run(J2EEContext.java:338)
	at java.security.AccessController.doPrivileged(AccessController.java:734)
	at com.ibm.ws.asynchbeans.J2EEContext.run(J2EEContext.java:1174)
	at com.ibm.ws.asynchbeans.AlarmImpl.runListenerAsCJWork(AlarmImpl.java:249)
	at com.ibm.ws.asynchbeans.am._Alarm.fireAlarm(_Alarm.java:340)
	at com.ibm.ws.asynchbeans.am._Alarm.run(_Alarm.java:237)
	at com.ibm.ws.util.ThreadPool$Worker.run(ThreadPool.java:1892)
Caused by: 
java.lang.IllegalStateException: Not connected
	at com.sun.mail.smtp.SMTPTransport.checkConnected(SMTPTransport.java:1817)
	at com.sun.mail.smtp.SMTPTransport.sendMessage(SMTPTransport.java:693)
	at com.newgen.omni.wf.util.email.MailClient.send(MailClient.java:231)
	... 35 more
[26 Dec 2025 11:51:55,131] - 
Error Code : -1505, Error description : Error in connecting with mail server using SMTP. Mailtaskid : 339827
[26 Dec 2025 11:51:55,131] - 
Error Code : -1505, Error description : Error in connecting with mail server using SMTP. Mailtaskid : 339827
[26 Dec 2025 11:54:55,145] - 
Error Code : -14014, Error description : Unknown error occurred during reporting mail status. Mailtaskid : 339827
[26 Dec 2025 11:54:59,333] - 
Starting Mailing Agent initialization.
[26 Dec 2025 11:54:59,349] - 
Connecting with mail server.
[26 Dec 2025 11:54:59,505] - 
Mailing Agent Load] : Error in connecting with mail server using SMTP : com.newgen.omni.wf.util.app.exception.AppGenericException: javax.mail.MessagingException: Can't send command to SMTP host;
  nested exception is:
	javax.net.ssl.SSLHandshakeException: Received fatal alert: protocol_version
[26 Dec 2025 11:54:59,505] - 
Error Code : -1505, Error description : Error in connecting with mail server using SMTP.
[26 Dec 2025 11:55:00,505] - 
Retrying with main Mail Server
[26 Dec 2025 11:55:00,505] - 
Connecting with mail server.
[26 Dec 2025 11:55:00,677] - 
Mailing Agent Load] : Error in connecting with mail server using SMTP : com.newgen.omni.wf.util.app.exception.AppGenericException: javax.mail.MessagingException: Can't send command to SMTP host;
  nested exception is:
	javax.net.ssl.SSLHandshakeException: Received fatal alert: protocol_version
[26 Dec 2025 11:55:00,677] - 
Error Code : -1505, Error description : Error in connecting with mail server using SMTP.
[26 Dec 2025 11:55:01,677] - 
Retrying with main Mail Server
[26 Dec 2025 11:55:01,677] - 
Connecting with mail server.
[26 Dec 2025 11:55:01,833] - 
Mailing Agent Load] : Error in connecting with mail server using SMTP : com.newgen.omni.wf.util.app.exception.AppGenericException: javax.mail.MessagingException: Can't send command to SMTP host;
  nested exception is:
	javax.net.ssl.SSLHandshakeException: Received fatal alert: protocol_version
[26 Dec 2025 11:55:01,833] - 
Error Code : -1505, Error description : Error in connecting with mail server using SMTP.
[26 Dec 2025 11:55:02,849] - 
Retrying with main Mail Server
[26 Dec 2025 11:55:02,864] - 
Trying with Main Mail Server hostname : 192.168.155.59, For MailTaskID : 339827, retrialCount : 2
[26 Dec 2025 11:55:02,880] - 

java.lang.IllegalStateException: Not connected
	at com.sun.mail.smtp.SMTPTransport.checkConnected(SMTPTransport.java:1817)
	at com.sun.mail.smtp.SMTPTransport.sendMessage(SMTPTransport.java:693)
	at com.newgen.omni.wf.util.email.MailClient.send(MailClient.java:231)
	at com.newgen.omni.wf.mailagent.Mailer.mail(Mailer.java:348)
	at com.newgen.omni.wf.mailagent.MailAgent.executeAfter(MailAgent.java:319)
	at com.newgen.omni.wf.util.app.ServiceFramework.executeBusinessLogic(ServiceFramework.java:138)
	at com.newgen.omni.jts.timer.WFTimerServiceBean.ejbTimeout(WFTimerServiceBean.java:109)
	at com.ibm.ejs.container.TimedObjectWrapper.invokeCallback(TimedObjectWrapper.java:125)
	at com.ibm.ejs.container.TimerTaskHandler.doWork(TimerTaskHandler.java:364)
	at com.ibm.ws.scheduler.AlarmListener.executeTaskWithNotification(AlarmListener.java:807)
	at com.ibm.ws.scheduler.AlarmListener.access$700(AlarmListener.java:124)
	at com.ibm.ws.scheduler.AlarmListener$TaskWork.doWork(AlarmListener.java:436)
	at com.ibm.ws.scheduler.AlarmListener$TaskWork.run(AlarmListener.java:222)
	at com.ibm.ws.asynchbeans.J2EEContext$RunProxy.run(J2EEContext.java:271)
	at java.security.AccessController.doPrivileged(AccessController.java:704)
	at javax.security.auth.Subject.doAs(Subject.java:490)
	at com.ibm.websphere.security.auth.WSSubject.doAs(WSSubject.java:133)
	at com.ibm.websphere.security.auth.WSSubject.doAs(WSSubject.java:91)
	at com.ibm.ws.asynchbeans.J2EEContext$DoAsProxy.run(J2EEContext.java:338)
	at java.security.AccessController.doPrivileged(AccessController.java:734)
	at com.ibm.ws.asynchbeans.J2EEContext.run(J2EEContext.java:806)
	at com.ibm.ws.asynchbeans.ExecutionContextImpl.go(ExecutionContextImpl.java:86)
	at com.ibm.ws.scheduler.AlarmListener.fireTask(AlarmListener.java:1416)
	at com.ibm.ws.scheduler.AlarmListener.fired(AlarmListener.java:1334)
	at com.ibm.ws.asynchbeans.AlarmImpl.callListenerMethod(AlarmImpl.java:427)
	at com.ibm.ws.asynchbeans.timer.GenericTimer.run(GenericTimer.java:229)
	at com.ibm.ws.asynchbeans.J2EEContext$RunProxy.run(J2EEContext.java:267)
	at java.security.AccessController.doPrivileged(AccessController.java:704)
	at javax.security.auth.Subject.doAs(Subject.java:490)
	at com.ibm.websphere.security.auth.WSSubject.doAs(WSSubject.java:133)
	at com.ibm.websphere.security.auth.WSSubject.doAs(WSSubject.java:91)
	at com.ibm.ws.asynchbeans.J2EEContext$DoAsProxy.run(J2EEContext.java:338)
	at java.security.AccessController.doPrivileged(AccessController.java:734)
	at com.ibm.ws.asynchbeans.J2EEContext.run(J2EEContext.java:1174)
	at com.ibm.ws.asynchbeans.AlarmImpl.runListenerAsCJWork(AlarmImpl.java:249)
	at com.ibm.ws.asynchbeans.am._Alarm.fireAlarm(_Alarm.java:340)
	at com.ibm.ws.asynchbeans.am._Alarm.run(_Alarm.java:237)
	at com.ibm.ws.util.ThreadPool$Worker.run(ThreadPool.java:1892)
[26 Dec 2025 11:55:02,880] - 

com.newgen.omni.wf.util.email.EMailException: java.lang.IllegalStateException: Not connected;
  nested exception is:
	java.lang.IllegalStateException: Not connected
	at com.newgen.omni.wf.util.email.MailClient.send(MailClient.java:237)
	at com.newgen.omni.wf.mailagent.Mailer.mail(Mailer.java:348)
	at com.newgen.omni.wf.mailagent.MailAgent.executeAfter(MailAgent.java:319)
	at com.newgen.omni.wf.util.app.ServiceFramework.executeBusinessLogic(ServiceFramework.java:138)
	at com.newgen.omni.jts.timer.WFTimerServiceBean.ejbTimeout(WFTimerServiceBean.java:109)
	at com.ibm.ejs.container.TimedObjectWrapper.invokeCallback(TimedObjectWrapper.java:125)
	at com.ibm.ejs.container.TimerTaskHandler.doWork(TimerTaskHandler.java:364)
	at com.ibm.ws.scheduler.AlarmListener.executeTaskWithNotification(AlarmListener.java:807)
	at com.ibm.ws.scheduler.AlarmListener.access$700(AlarmListener.java:124)
	at com.ibm.ws.scheduler.AlarmListener$TaskWork.doWork(AlarmListener.java:436)
	at com.ibm.ws.scheduler.AlarmListener$TaskWork.run(AlarmListener.java:222)
	at com.ibm.ws.asynchbeans.J2EEContext$RunProxy.run(J2EEContext.java:271)
	at java.security.AccessController.doPrivileged(AccessController.java:704)
	at javax.security.auth.Subject.doAs(Subject.java:490)
	at com.ibm.websphere.security.auth.WSSubject.doAs(WSSubject.java:133)
	at com.ibm.websphere.security.auth.WSSubject.doAs(WSSubject.java:91)
	at com.ibm.ws.asynchbeans.J2EEContext$DoAsProxy.run(J2EEContext.java:338)
	at java.security.AccessController.doPrivileged(AccessController.java:734)
	at com.ibm.ws.asynchbeans.J2EEContext.run(J2EEContext.java:806)
	at com.ibm.ws.asynchbeans.ExecutionContextImpl.go(ExecutionContextImpl.java:86)
	at com.ibm.ws.scheduler.AlarmListener.fireTask(AlarmListener.java:1416)
	at com.ibm.ws.scheduler.AlarmListener.fired(AlarmListener.java:1334)
	at com.ibm.ws.asynchbeans.AlarmImpl.callListenerMethod(AlarmImpl.java:427)
	at com.ibm.ws.asynchbeans.timer.GenericTimer.run(GenericTimer.java:229)
	at com.ibm.ws.asynchbeans.J2EEContext$RunProxy.run(J2EEContext.java:267)
	at java.security.AccessController.doPrivileged(AccessController.java:704)
	at javax.security.auth.Subject.doAs(Subject.java:490)
	at com.ibm.websphere.security.auth.WSSubject.doAs(WSSubject.java:133)
	at com.ibm.websphere.security.auth.WSSubject.doAs(WSSubject.java:91)
	at com.ibm.ws.asynchbeans.J2EEContext$DoAsProxy.run(J2EEContext.java:338)
	at java.security.AccessController.doPrivileged(AccessController.java:734)
	at com.ibm.ws.asynchbeans.J2EEContext.run(J2EEContext.java:1174)
	at com.ibm.ws.asynchbeans.AlarmImpl.runListenerAsCJWork(AlarmImpl.java:249)
	at com.ibm.ws.asynchbeans.am._Alarm.fireAlarm(_Alarm.java:340)
	at com.ibm.ws.asynchbeans.am._Alarm.run(_Alarm.java:237)
	at com.ibm.ws.util.ThreadPool$Worker.run(ThreadPool.java:1892)
Caused by: 
java.lang.IllegalStateException: Not connected
	at com.sun.mail.smtp.SMTPTransport.checkConnected(SMTPTransport.java:1817)
	at com.sun.mail.smtp.SMTPTransport.sendMessage(SMTPTransport.java:693)
	at com.newgen.omni.wf.util.email.MailClient.send(MailClient.java:231)
	... 35 more
[26 Dec 2025 11:55:06,114] - 
Error Code : -1505, Error description : Error in connecting with mail server using SMTP. Mailtaskid : 339827
[26 Dec 2025 11:55:06,114] - 
Error Code : -1505, Error description : Error in connecting with mail server using SMTP. Mailtaskid : 339827
[26 Dec 2025 11:57:25,745] - 
Starting Mailing Agent initialization.
[26 Dec 2025 11:57:25,760] - 
Connecting with mail server.
[26 Dec 2025 11:57:25,932] - 
Mailing Agent Load] : Error in connecting with mail server using SMTP : com.newgen.omni.wf.util.app.exception.AppGenericException: javax.mail.MessagingException: Can't send command to SMTP host;
  nested exception is:
	javax.net.ssl.SSLHandshakeException: PKIX path building failed: com.ibm.security.cert.IBMCertPathBuilderException: unable to find valid certification path to requested target
[26 Dec 2025 11:57:25,932] - 
Error Code : -1505, Error description : Error in connecting with mail server using SMTP.
[26 Dec 2025 11:57:26,932] - 
Retrying with main Mail Server
[26 Dec 2025 11:57:26,932] - 
Connecting with mail server.
[26 Dec 2025 11:57:27,057] - 
Mailing Agent Load] : Error in connecting with mail server using SMTP : com.newgen.omni.wf.util.app.exception.AppGenericException: javax.mail.MessagingException: Can't send command to SMTP host;
  nested exception is:
	javax.net.ssl.SSLHandshakeException: PKIX path building failed: com.ibm.security.cert.IBMCertPathBuilderException: unable to find valid certification path to requested target
[26 Dec 2025 11:57:27,057] - 
Error Code : -1505, Error description : Error in connecting with mail server using SMTP.
[26 Dec 2025 11:57:28,070] - 
Retrying with main Mail Server
[26 Dec 2025 11:57:28,070] - 
Connecting with mail server.
[26 Dec 2025 11:57:28,193] - 
Mailing Agent Load] : Error in connecting with mail server using SMTP : com.newgen.omni.wf.util.app.exception.AppGenericException: javax.mail.MessagingException: Can't send command to SMTP host;
  nested exception is:
	javax.net.ssl.SSLHandshakeException: PKIX path building failed: com.ibm.security.cert.IBMCertPathBuilderException: unable to find valid certification path to requested target
[26 Dec 2025 11:57:28,193] - 
Error Code : -1505, Error description : Error in connecting with mail server using SMTP.
[26 Dec 2025 11:57:29,193] - 
Retrying with main Mail Server
[26 Dec 2025 11:57:29,225] - 
Trying with Main Mail Server hostname : 192.168.155.59, For MailTaskID : 339832, retrialCount : 0
[26 Dec 2025 11:57:29,256] - 

java.lang.IllegalStateException: Not connected
	at com.sun.mail.smtp.SMTPTransport.checkConnected(SMTPTransport.java:1817)
	at com.sun.mail.smtp.SMTPTransport.sendMessage(SMTPTransport.java:693)
	at com.newgen.omni.wf.util.email.MailClient.send(MailClient.java:231)
	at com.newgen.omni.wf.mailagent.Mailer.mail(Mailer.java:348)
	at com.newgen.omni.wf.mailagent.MailAgent.executeAfter(MailAgent.java:319)
	at com.newgen.omni.wf.util.app.ServiceFramework.executeBusinessLogic(ServiceFramework.java:138)
	at com.newgen.omni.jts.timer.WFTimerServiceBean.ejbTimeout(WFTimerServiceBean.java:109)
	at com.ibm.ejs.container.TimedObjectWrapper.invokeCallback(TimedObjectWrapper.java:125)
	at com.ibm.ejs.container.TimerTaskHandler.doWork(TimerTaskHandler.java:364)
	at com.ibm.ws.scheduler.AlarmListener.executeTaskWithNotification(AlarmListener.java:807)
	at com.ibm.ws.scheduler.AlarmListener.access$700(AlarmListener.java:124)
	at com.ibm.ws.scheduler.AlarmListener$TaskWork.doWork(AlarmListener.java:436)
	at com.ibm.ws.scheduler.AlarmListener$TaskWork.run(AlarmListener.java:222)
	at com.ibm.ws.asynchbeans.J2EEContext$RunProxy.run(J2EEContext.java:271)
	at java.security.AccessController.doPrivileged(AccessController.java:704)
	at javax.security.auth.Subject.doAs(Subject.java:490)
	at com.ibm.websphere.security.auth.WSSubject.doAs(WSSubject.java:133)
	at com.ibm.websphere.security.auth.WSSubject.doAs(WSSubject.java:91)
	at com.ibm.ws.asynchbeans.J2EEContext$DoAsProxy.run(J2EEContext.java:338)
	at java.security.AccessController.doPrivileged(AccessController.java:734)
	at com.ibm.ws.asynchbeans.J2EEContext.run(J2EEContext.java:806)
	at com.ibm.ws.asynchbeans.ExecutionContextImpl.go(ExecutionContextImpl.java:86)
	at com.ibm.ws.scheduler.AlarmListener.fireTask(AlarmListener.java:1416)
	at com.ibm.ws.scheduler.AlarmListener.fired(AlarmListener.java:1334)
	at com.ibm.ws.asynchbeans.AlarmImpl.callListenerMethod(AlarmImpl.java:427)
	at com.ibm.ws.asynchbeans.timer.GenericTimer.run(GenericTimer.java:229)
	at com.ibm.ws.asynchbeans.J2EEContext$RunProxy.run(J2EEContext.java:267)
	at java.security.AccessController.doPrivileged(AccessController.java:704)
	at javax.security.auth.Subject.doAs(Subject.java:490)
	at com.ibm.websphere.security.auth.WSSubject.doAs(WSSubject.java:133)
	at com.ibm.websphere.security.auth.WSSubject.doAs(WSSubject.java:91)
	at com.ibm.ws.asynchbeans.J2EEContext$DoAsProxy.run(J2EEContext.java:338)
	at java.security.AccessController.doPrivileged(AccessController.java:734)
	at com.ibm.ws.asynchbeans.J2EEContext.run(J2EEContext.java:1174)
	at com.ibm.ws.asynchbeans.AlarmImpl.runListenerAsCJWork(AlarmImpl.java:249)
	at com.ibm.ws.asynchbeans.am._Alarm.fireAlarm(_Alarm.java:340)
	at com.ibm.ws.asynchbeans.am._Alarm.run(_Alarm.java:237)
	at com.ibm.ws.util.ThreadPool$Worker.run(ThreadPool.java:1892)
[26 Dec 2025 11:57:29,256] - 

com.newgen.omni.wf.util.email.EMailException: java.lang.IllegalStateException: Not connected;
  nested exception is:
	java.lang.IllegalStateException: Not connected
	at com.newgen.omni.wf.util.email.MailClient.send(MailClient.java:237)
	at com.newgen.omni.wf.mailagent.Mailer.mail(Mailer.java:348)
	at com.newgen.omni.wf.mailagent.MailAgent.executeAfter(MailAgent.java:319)
	at com.newgen.omni.wf.util.app.ServiceFramework.executeBusinessLogic(ServiceFramework.java:138)
	at com.newgen.omni.jts.timer.WFTimerServiceBean.ejbTimeout(WFTimerServiceBean.java:109)
	at com.ibm.ejs.container.TimedObjectWrapper.invokeCallback(TimedObjectWrapper.java:125)
	at com.ibm.ejs.container.TimerTaskHandler.doWork(TimerTaskHandler.java:364)
	at com.ibm.ws.scheduler.AlarmListener.executeTaskWithNotification(AlarmListener.java:807)
	at com.ibm.ws.scheduler.AlarmListener.access$700(AlarmListener.java:124)
	at com.ibm.ws.scheduler.AlarmListener$TaskWork.doWork(AlarmListener.java:436)
	at com.ibm.ws.scheduler.AlarmListener$TaskWork.run(AlarmListener.java:222)
	at com.ibm.ws.asynchbeans.J2EEContext$RunProxy.run(J2EEContext.java:271)
	at java.security.AccessController.doPrivileged(AccessController.java:704)
	at javax.security.auth.Subject.doAs(Subject.java:490)
	at com.ibm.websphere.security.auth.WSSubject.doAs(WSSubject.java:133)
	at com.ibm.websphere.security.auth.WSSubject.doAs(WSSubject.java:91)
	at com.ibm.ws.asynchbeans.J2EEContext$DoAsProxy.run(J2EEContext.java:338)
	at java.security.AccessController.doPrivileged(AccessController.java:734)
	at com.ibm.ws.asynchbeans.J2EEContext.run(J2EEContext.java:806)
	at com.ibm.ws.asynchbeans.ExecutionContextImpl.go(ExecutionContextImpl.java:86)
	at com.ibm.ws.scheduler.AlarmListener.fireTask(AlarmListener.java:1416)
	at com.ibm.ws.scheduler.AlarmListener.fired(AlarmListener.java:1334)
	at com.ibm.ws.asynchbeans.AlarmImpl.callListenerMethod(AlarmImpl.java:427)
	at com.ibm.ws.asynchbeans.timer.GenericTimer.run(GenericTimer.java:229)
	at com.ibm.ws.asynchbeans.J2EEContext$RunProxy.run(J2EEContext.java:267)
	at java.security.AccessController.doPrivileged(AccessController.java:704)
	at javax.security.auth.Subject.doAs(Subject.java:490)
	at com.ibm.websphere.security.auth.WSSubject.doAs(WSSubject.java:133)
	at com.ibm.websphere.security.auth.WSSubject.doAs(WSSubject.java:91)
	at com.ibm.ws.asynchbeans.J2EEContext$DoAsProxy.run(J2EEContext.java:338)
	at java.security.AccessController.doPrivileged(AccessController.java:734)
	at com.ibm.ws.asynchbeans.J2EEContext.run(J2EEContext.java:1174)
	at com.ibm.ws.asynchbeans.AlarmImpl.runListenerAsCJWork(AlarmImpl.java:249)
	at com.ibm.ws.asynchbeans.am._Alarm.fireAlarm(_Alarm.java:340)
	at com.ibm.ws.asynchbeans.am._Alarm.run(_Alarm.java:237)
	at com.ibm.ws.util.ThreadPool$Worker.run(ThreadPool.java:1892)
Caused by: 
java.lang.IllegalStateException: Not connected
	at com.sun.mail.smtp.SMTPTransport.checkConnected(SMTPTransport.java:1817)
	at com.sun.mail.smtp.SMTPTransport.sendMessage(SMTPTransport.java:693)
	at com.newgen.omni.wf.util.email.MailClient.send(MailClient.java:231)
	... 35 more
[26 Dec 2025 11:57:29,397] - 
Error Code : -1505, Error description : Error in connecting with mail server using SMTP. Mailtaskid : 339832
[26 Dec 2025 11:57:29,397] - 
Error Code : -1505, Error description : Error in connecting with mail server using SMTP. Mailtaskid : 339832
[26 Dec 2025 12:00:29,414] - 
Error Code : -14014, Error description : Unknown error occurred during reporting mail status. Mailtaskid : 339832
[26 Dec 2025 12:00:41,586] - 
Trying with Main Mail Server hostname : 192.168.155.59, For MailTaskID : 339832, retrialCount : 1
[26 Dec 2025 12:00:41,586] - 

java.lang.IllegalStateException: Not connected
	at com.sun.mail.smtp.SMTPTransport.checkConnected(SMTPTransport.java:1817)
	at com.sun.mail.smtp.SMTPTransport.sendMessage(SMTPTransport.java:693)
	at com.newgen.omni.wf.util.email.MailClient.send(MailClient.java:231)
	at com.newgen.omni.wf.mailagent.Mailer.mail(Mailer.java:348)
	at com.newgen.omni.wf.mailagent.MailAgent.executeAfter(MailAgent.java:319)
	at com.newgen.omni.wf.util.app.ServiceFramework.executeBusinessLogic(ServiceFramework.java:138)
	at com.newgen.omni.jts.timer.WFTimerServiceBean.ejbTimeout(WFTimerServiceBean.java:109)
	at com.ibm.ejs.container.TimedObjectWrapper.invokeCallback(TimedObjectWrapper.java:125)
	at com.ibm.ejs.container.TimerTaskHandler.doWork(TimerTaskHandler.java:364)
	at com.ibm.ws.scheduler.AlarmListener.executeTaskWithNotification(AlarmListener.java:807)
	at com.ibm.ws.scheduler.AlarmListener.access$700(AlarmListener.java:124)
	at com.ibm.ws.scheduler.AlarmListener$TaskWork.doWork(AlarmListener.java:436)
	at com.ibm.ws.scheduler.AlarmListener$TaskWork.run(AlarmListener.java:222)
	at com.ibm.ws.asynchbeans.J2EEContext$RunProxy.run(J2EEContext.java:271)
	at java.security.AccessController.doPrivileged(AccessController.java:704)
	at javax.security.auth.Subject.doAs(Subject.java:490)
	at com.ibm.websphere.security.auth.WSSubject.doAs(WSSubject.java:133)
	at com.ibm.websphere.security.auth.WSSubject.doAs(WSSubject.java:91)
	at com.ibm.ws.asynchbeans.J2EEContext$DoAsProxy.run(J2EEContext.java:338)
	at java.security.AccessController.doPrivileged(AccessController.java:734)
	at com.ibm.ws.asynchbeans.J2EEContext.run(J2EEContext.java:806)
	at com.ibm.ws.asynchbeans.ExecutionContextImpl.go(ExecutionContextImpl.java:86)
	at com.ibm.ws.scheduler.AlarmListener.fireTask(AlarmListener.java:1416)
	at com.ibm.ws.scheduler.AlarmListener.fired(AlarmListener.java:1334)
	at com.ibm.ws.asynchbeans.AlarmImpl.callListenerMethod(AlarmImpl.java:427)
	at com.ibm.ws.asynchbeans.timer.GenericTimer.run(GenericTimer.java:229)
	at com.ibm.ws.asynchbeans.J2EEContext$RunProxy.run(J2EEContext.java:267)
	at java.security.AccessController.doPrivileged(AccessController.java:704)
	at javax.security.auth.Subject.doAs(Subject.java:490)
	at com.ibm.websphere.security.auth.WSSubject.doAs(WSSubject.java:133)
	at com.ibm.websphere.security.auth.WSSubject.doAs(WSSubject.java:91)
	at com.ibm.ws.asynchbeans.J2EEContext$DoAsProxy.run(J2EEContext.java:338)
	at java.security.AccessController.doPrivileged(AccessController.java:734)
	at com.ibm.ws.asynchbeans.J2EEContext.run(J2EEContext.java:1174)
	at com.ibm.ws.asynchbeans.AlarmImpl.runListenerAsCJWork(AlarmImpl.java:249)
	at com.ibm.ws.asynchbeans.am._Alarm.fireAlarm(_Alarm.java:340)
	at com.ibm.ws.asynchbeans.am._Alarm.run(_Alarm.java:237)
	at com.ibm.ws.util.ThreadPool$Worker.run(ThreadPool.java:1892)
[26 Dec 2025 12:00:41,586] - 

com.newgen.omni.wf.util.email.EMailException: java.lang.IllegalStateException: Not connected;
  nested exception is:
	java.lang.IllegalStateException: Not connected
	at com.newgen.omni.wf.util.email.MailClient.send(MailClient.java:237)
	at com.newgen.omni.wf.mailagent.Mailer.mail(Mailer.java:348)
	at com.newgen.omni.wf.mailagent.MailAgent.executeAfter(MailAgent.java:319)
	at com.newgen.omni.wf.util.app.ServiceFramework.executeBusinessLogic(ServiceFramework.java:138)
	at com.newgen.omni.jts.timer.WFTimerServiceBean.ejbTimeout(WFTimerServiceBean.java:109)
	at com.ibm.ejs.container.TimedObjectWrapper.invokeCallback(TimedObjectWrapper.java:125)
	at com.ibm.ejs.container.TimerTaskHandler.doWork(TimerTaskHandler.java:364)
	at com.ibm.ws.scheduler.AlarmListener.executeTaskWithNotification(AlarmListener.java:807)
	at com.ibm.ws.scheduler.AlarmListener.access$700(AlarmListener.java:124)
	at com.ibm.ws.scheduler.AlarmListener$TaskWork.doWork(AlarmListener.java:436)
	at com.ibm.ws.scheduler.AlarmListener$TaskWork.run(AlarmListener.java:222)
	at com.ibm.ws.asynchbeans.J2EEContext$RunProxy.run(J2EEContext.java:271)
	at java.security.AccessController.doPrivileged(AccessController.java:704)
	at javax.security.auth.Subject.doAs(Subject.java:490)
	at com.ibm.websphere.security.auth.WSSubject.doAs(WSSubject.java:133)
	at com.ibm.websphere.security.auth.WSSubject.doAs(WSSubject.java:91)
	at com.ibm.ws.asynchbeans.J2EEContext$DoAsProxy.run(J2EEContext.java:338)
	at java.security.AccessController.doPrivileged(AccessController.java:734)
	at com.ibm.ws.asynchbeans.J2EEContext.run(J2EEContext.java:806)
	at com.ibm.ws.asynchbeans.ExecutionContextImpl.go(ExecutionContextImpl.java:86)
	at com.ibm.ws.scheduler.AlarmListener.fireTask(AlarmListener.java:1416)
	at com.ibm.ws.scheduler.AlarmListener.fired(AlarmListener.java:1334)
	at com.ibm.ws.asynchbeans.AlarmImpl.callListenerMethod(AlarmImpl.java:427)
	at com.ibm.ws.asynchbeans.timer.GenericTimer.run(GenericTimer.java:229)
	at com.ibm.ws.asynchbeans.J2EEContext$RunProxy.run(J2EEContext.java:267)
	at java.security.AccessController.doPrivileged(AccessController.java:704)
	at javax.security.auth.Subject.doAs(Subject.java:490)
	at com.ibm.websphere.security.auth.WSSubject.doAs(WSSubject.java:133)
	at com.ibm.websphere.security.auth.WSSubject.doAs(WSSubject.java:91)
	at com.ibm.ws.asynchbeans.J2EEContext$DoAsProxy.run(J2EEContext.java:338)
	at java.security.AccessController.doPrivileged(AccessController.java:734)
	at com.ibm.ws.asynchbeans.J2EEContext.run(J2EEContext.java:1174)
	at com.ibm.ws.asynchbeans.AlarmImpl.runListenerAsCJWork(AlarmImpl.java:249)
	at com.ibm.ws.asynchbeans.am._Alarm.fireAlarm(_Alarm.java:340)
	at com.ibm.ws.asynchbeans.am._Alarm.run(_Alarm.java:237)
	at com.ibm.ws.util.ThreadPool$Worker.run(ThreadPool.java:1892)
Caused by: 
java.lang.IllegalStateException: Not connected
	at com.sun.mail.smtp.SMTPTransport.checkConnected(SMTPTransport.java:1817)
	at com.sun.mail.smtp.SMTPTransport.sendMessage(SMTPTransport.java:693)
	at com.newgen.omni.wf.util.email.MailClient.send(MailClient.java:231)
	... 35 more
[26 Dec 2025 12:00:41,726] - 
Error Code : -1505, Error description : Error in connecting with mail server using SMTP. Mailtaskid : 339832
[26 Dec 2025 12:00:41,726] - 
Error Code : -1505, Error description : Error in connecting with mail server using SMTP. Mailtaskid : 339832
[26 Dec 2025 12:03:41,752] - 
Error Code : -14014, Error description : Unknown error occurred during reporting mail status. Mailtaskid : 339832
[26 Dec 2025 12:03:49,189] - 
Starting Mailing Agent initialization.
[26 Dec 2025 12:03:49,205] - 
Connecting with mail server.
[26 Dec 2025 12:03:49,346] - 
Mailing Agent Load] : Error in connecting with mail server using SMTP : com.newgen.omni.wf.util.app.exception.AppGenericException: javax.mail.MessagingException: Can't send command to SMTP host;
  nested exception is:
	javax.net.ssl.SSLHandshakeException: PKIX path building failed: com.ibm.security.cert.IBMCertPathBuilderException: unable to find valid certification path to requested target
[26 Dec 2025 12:03:49,346] - 
Error Code : -1505, Error description : Error in connecting with mail server using SMTP.
[26 Dec 2025 12:03:50,346] - 
Retrying with main Mail Server
[26 Dec 2025 12:03:50,346] - 
Connecting with mail server.
[26 Dec 2025 12:03:50,471] - 
Mailing Agent Load] : Error in connecting with mail server using SMTP : com.newgen.omni.wf.util.app.exception.AppGenericException: javax.mail.MessagingException: Can't send command to SMTP host;
  nested exception is:
	javax.net.ssl.SSLHandshakeException: PKIX path building failed: com.ibm.security.cert.IBMCertPathBuilderException: unable to find valid certification path to requested target
[26 Dec 2025 12:03:50,471] - 
Error Code : -1505, Error description : Error in connecting with mail server using SMTP.
[26 Dec 2025 12:03:51,471] - 
Retrying with main Mail Server
[26 Dec 2025 12:03:51,471] - 
Connecting with mail server.
[26 Dec 2025 12:03:51,611] - 
Mailing Agent Load] : Error in connecting with mail server using SMTP : com.newgen.omni.wf.util.app.exception.AppGenericException: javax.mail.MessagingException: Can't send command to SMTP host;
  nested exception is:
	javax.net.ssl.SSLHandshakeException: PKIX path building failed: com.ibm.security.cert.IBMCertPathBuilderException: unable to find valid certification path to requested target
[26 Dec 2025 12:03:51,611] - 
Error Code : -1505, Error description : Error in connecting with mail server using SMTP.
[26 Dec 2025 12:03:52,615] - 
Retrying with main Mail Server
[26 Dec 2025 12:03:52,631] - 
Trying with Main Mail Server hostname : 192.168.155.59, For MailTaskID : 339832, retrialCount : 2
[26 Dec 2025 12:03:52,631] - 

java.lang.IllegalStateException: Not connected
	at com.sun.mail.smtp.SMTPTransport.checkConnected(SMTPTransport.java:1817)
	at com.sun.mail.smtp.SMTPTransport.sendMessage(SMTPTransport.java:693)
	at com.newgen.omni.wf.util.email.MailClient.send(MailClient.java:231)
	at com.newgen.omni.wf.mailagent.Mailer.mail(Mailer.java:348)
	at com.newgen.omni.wf.mailagent.MailAgent.executeAfter(MailAgent.java:319)
	at com.newgen.omni.wf.util.app.ServiceFramework.executeBusinessLogic(ServiceFramework.java:138)
	at com.newgen.omni.jts.timer.WFTimerServiceBean.ejbTimeout(WFTimerServiceBean.java:109)
	at com.ibm.ejs.container.TimedObjectWrapper.invokeCallback(TimedObjectWrapper.java:125)
	at com.ibm.ejs.container.TimerTaskHandler.doWork(TimerTaskHandler.java:364)
	at com.ibm.ws.scheduler.AlarmListener.executeTaskWithNotification(AlarmListener.java:807)
	at com.ibm.ws.scheduler.AlarmListener.access$700(AlarmListener.java:124)
	at com.ibm.ws.scheduler.AlarmListener$TaskWork.doWork(AlarmListener.java:436)
	at com.ibm.ws.scheduler.AlarmListener$TaskWork.run(AlarmListener.java:222)
	at com.ibm.ws.asynchbeans.J2EEContext$RunProxy.run(J2EEContext.java:271)
	at java.security.AccessController.doPrivileged(AccessController.java:704)
	at javax.security.auth.Subject.doAs(Subject.java:490)
	at com.ibm.websphere.security.auth.WSSubject.doAs(WSSubject.java:133)
	at com.ibm.websphere.security.auth.WSSubject.doAs(WSSubject.java:91)
	at com.ibm.ws.asynchbeans.J2EEContext$DoAsProxy.run(J2EEContext.java:338)
	at java.security.AccessController.doPrivileged(AccessController.java:734)
	at com.ibm.ws.asynchbeans.J2EEContext.run(J2EEContext.java:806)
	at com.ibm.ws.asynchbeans.ExecutionContextImpl.go(ExecutionContextImpl.java:86)
	at com.ibm.ws.scheduler.AlarmListener.fireTask(AlarmListener.java:1416)
	at com.ibm.ws.scheduler.AlarmListener.fired(AlarmListener.java:1334)
	at com.ibm.ws.asynchbeans.AlarmImpl.callListenerMethod(AlarmImpl.java:427)
	at com.ibm.ws.asynchbeans.timer.GenericTimer.run(GenericTimer.java:229)
	at com.ibm.ws.asynchbeans.J2EEContext$RunProxy.run(J2EEContext.java:267)
	at java.security.AccessController.doPrivileged(AccessController.java:704)
	at javax.security.auth.Subject.doAs(Subject.java:490)
	at com.ibm.websphere.security.auth.WSSubject.doAs(WSSubject.java:133)
	at com.ibm.websphere.security.auth.WSSubject.doAs(WSSubject.java:91)
	at com.ibm.ws.asynchbeans.J2EEContext$DoAsProxy.run(J2EEContext.java:338)
	at java.security.AccessController.doPrivileged(AccessController.java:734)
	at com.ibm.ws.asynchbeans.J2EEContext.run(J2EEContext.java:1174)
	at com.ibm.ws.asynchbeans.AlarmImpl.runListenerAsCJWork(AlarmImpl.java:249)
	at com.ibm.ws.asynchbeans.am._Alarm.fireAlarm(_Alarm.java:340)
	at com.ibm.ws.asynchbeans.am._Alarm.run(_Alarm.java:237)
	at com.ibm.ws.util.ThreadPool$Worker.run(ThreadPool.java:1892)
[26 Dec 2025 12:03:52,631] - 

com.newgen.omni.wf.util.email.EMailException: java.lang.IllegalStateException: Not connected;
  nested exception is:
	java.lang.IllegalStateException: Not connected
	at com.newgen.omni.wf.util.email.MailClient.send(MailClient.java:237)
	at com.newgen.omni.wf.mailagent.Mailer.mail(Mailer.java:348)
	at com.newgen.omni.wf.mailagent.MailAgent.executeAfter(MailAgent.java:319)
	at com.newgen.omni.wf.util.app.ServiceFramework.executeBusinessLogic(ServiceFramework.java:138)
	at com.newgen.omni.jts.timer.WFTimerServiceBean.ejbTimeout(WFTimerServiceBean.java:109)
	at com.ibm.ejs.container.TimedObjectWrapper.invokeCallback(TimedObjectWrapper.java:125)
	at com.ibm.ejs.container.TimerTaskHandler.doWork(TimerTaskHandler.java:364)
	at com.ibm.ws.scheduler.AlarmListener.executeTaskWithNotification(AlarmListener.java:807)
	at com.ibm.ws.scheduler.AlarmListener.access$700(AlarmListener.java:124)
	at com.ibm.ws.scheduler.AlarmListener$TaskWork.doWork(AlarmListener.java:436)
	at com.ibm.ws.scheduler.AlarmListener$TaskWork.run(AlarmListener.java:222)
	at com.ibm.ws.asynchbeans.J2EEContext$RunProxy.run(J2EEContext.java:271)
	at java.security.AccessController.doPrivileged(AccessController.java:704)
	at javax.security.auth.Subject.doAs(Subject.java:490)
	at com.ibm.websphere.security.auth.WSSubject.doAs(WSSubject.java:133)
	at com.ibm.websphere.security.auth.WSSubject.doAs(WSSubject.java:91)
	at com.ibm.ws.asynchbeans.J2EEContext$DoAsProxy.run(J2EEContext.java:338)
	at java.security.AccessController.doPrivileged(AccessController.java:734)
	at com.ibm.ws.asynchbeans.J2EEContext.run(J2EEContext.java:806)
	at com.ibm.ws.asynchbeans.ExecutionContextImpl.go(ExecutionContextImpl.java:86)
	at com.ibm.ws.scheduler.AlarmListener.fireTask(AlarmListener.java:1416)
	at com.ibm.ws.scheduler.AlarmListener.fired(AlarmListener.java:1334)
	at com.ibm.ws.asynchbeans.AlarmImpl.callListenerMethod(AlarmImpl.java:427)
	at com.ibm.ws.asynchbeans.timer.GenericTimer.run(GenericTimer.java:229)
	at com.ibm.ws.asynchbeans.J2EEContext$RunProxy.run(J2EEContext.java:267)
	at java.security.AccessController.doPrivileged(AccessController.java:704)
	at javax.security.auth.Subject.doAs(Subject.java:490)
	at com.ibm.websphere.security.auth.WSSubject.doAs(WSSubject.java:133)
	at com.ibm.websphere.security.auth.WSSubject.doAs(WSSubject.java:91)
	at com.ibm.ws.asynchbeans.J2EEContext$DoAsProxy.run(J2EEContext.java:338)
	at java.security.AccessController.doPrivileged(AccessController.java:734)
	at com.ibm.ws.asynchbeans.J2EEContext.run(J2EEContext.java:1174)
	at com.ibm.ws.asynchbeans.AlarmImpl.runListenerAsCJWork(AlarmImpl.java:249)
	at com.ibm.ws.asynchbeans.am._Alarm.fireAlarm(_Alarm.java:340)
	at com.ibm.ws.asynchbeans.am._Alarm.run(_Alarm.java:237)
	at com.ibm.ws.util.ThreadPool$Worker.run(ThreadPool.java:1892)
Caused by: 
java.lang.IllegalStateException: Not connected
	at com.sun.mail.smtp.SMTPTransport.checkConnected(SMTPTransport.java:1817)
	at com.sun.mail.smtp.SMTPTransport.sendMessage(SMTPTransport.java:693)
	at com.newgen.omni.wf.util.email.MailClient.send(MailClient.java:231)
	... 35 more
[26 Dec 2025 12:03:52,802] - 
Error Code : -1505, Error description : Error in connecting with mail server using SMTP. Mailtaskid : 339832
[26 Dec 2025 12:03:52,802] - 
Error Code : -1505, Error description : Error in connecting with mail server using SMTP. Mailtaskid : 339832
[26 Dec 2025 12:06:52,822] - 
Error Code : -14014, Error description : Unknown error occurred during reporting mail status. Mailtaskid : 339832
[26 Dec 2025 12:06:57,103] - 
Trying with Main Mail Server hostname : 192.168.155.59, For MailTaskID : 339832, retrialCount : 3
[26 Dec 2025 12:06:57,119] - 

java.lang.IllegalStateException: Not connected
	at com.sun.mail.smtp.SMTPTransport.checkConnected(SMTPTransport.java:1817)
	at com.sun.mail.smtp.SMTPTransport.sendMessage(SMTPTransport.java:693)
	at com.newgen.omni.wf.util.email.MailClient.send(MailClient.java:231)
	at com.newgen.omni.wf.mailagent.Mailer.mail(Mailer.java:348)
	at com.newgen.omni.wf.mailagent.MailAgent.executeAfter(MailAgent.java:319)
	at com.newgen.omni.wf.util.app.ServiceFramework.executeBusinessLogic(ServiceFramework.java:138)
	at com.newgen.omni.jts.timer.WFTimerServiceBean.ejbTimeout(WFTimerServiceBean.java:109)
	at com.ibm.ejs.container.TimedObjectWrapper.invokeCallback(TimedObjectWrapper.java:125)
	at com.ibm.ejs.container.TimerTaskHandler.doWork(TimerTaskHandler.java:364)
	at com.ibm.ws.scheduler.AlarmListener.executeTaskWithNotification(AlarmListener.java:807)
	at com.ibm.ws.scheduler.AlarmListener.access$700(AlarmListener.java:124)
	at com.ibm.ws.scheduler.AlarmListener$TaskWork.doWork(AlarmListener.java:436)
	at com.ibm.ws.scheduler.AlarmListener$TaskWork.run(AlarmListener.java:222)
	at com.ibm.ws.asynchbeans.J2EEContext$RunProxy.run(J2EEContext.java:271)
	at java.security.AccessController.doPrivileged(AccessController.java:704)
	at javax.security.auth.Subject.doAs(Subject.java:490)
	at com.ibm.websphere.security.auth.WSSubject.doAs(WSSubject.java:133)
	at com.ibm.websphere.security.auth.WSSubject.doAs(WSSubject.java:91)
	at com.ibm.ws.asynchbeans.J2EEContext$DoAsProxy.run(J2EEContext.java:338)
	at java.security.AccessController.doPrivileged(AccessController.java:734)
	at com.ibm.ws.asynchbeans.J2EEContext.run(J2EEContext.java:806)
	at com.ibm.ws.asynchbeans.ExecutionContextImpl.go(ExecutionContextImpl.java:86)
	at com.ibm.ws.scheduler.AlarmListener.fireTask(AlarmListener.java:1416)
	at com.ibm.ws.scheduler.AlarmListener.fired(AlarmListener.java:1334)
	at com.ibm.ws.asynchbeans.AlarmImpl.callListenerMethod(AlarmImpl.java:427)
	at com.ibm.ws.asynchbeans.timer.GenericTimer.run(GenericTimer.java:229)
	at com.ibm.ws.asynchbeans.J2EEContext$RunProxy.run(J2EEContext.java:267)
	at java.security.AccessController.doPrivileged(AccessController.java:704)
	at javax.security.auth.Subject.doAs(Subject.java:490)
	at com.ibm.websphere.security.auth.WSSubject.doAs(WSSubject.java:133)
	at com.ibm.websphere.security.auth.WSSubject.doAs(WSSubject.java:91)
	at com.ibm.ws.asynchbeans.J2EEContext$DoAsProxy.run(J2EEContext.java:338)
	at java.security.AccessController.doPrivileged(AccessController.java:734)
	at com.ibm.ws.asynchbeans.J2EEContext.run(J2EEContext.java:1174)
	at com.ibm.ws.asynchbeans.AlarmImpl.runListenerAsCJWork(AlarmImpl.java:249)
	at com.ibm.ws.asynchbeans.am._Alarm.fireAlarm(_Alarm.java:340)
	at com.ibm.ws.asynchbeans.am._Alarm.run(_Alarm.java:237)
	at com.ibm.ws.util.ThreadPool$Worker.run(ThreadPool.java:1892)
[26 Dec 2025 12:06:57,119] - 

com.newgen.omni.wf.util.email.EMailException: java.lang.IllegalStateException: Not connected;
  nested exception is:
	java.lang.IllegalStateException: Not connected
	at com.newgen.omni.wf.util.email.MailClient.send(MailClient.java:237)
	at com.newgen.omni.wf.mailagent.Mailer.mail(Mailer.java:348)
	at com.newgen.omni.wf.mailagent.MailAgent.executeAfter(MailAgent.java:319)
	at com.newgen.omni.wf.util.app.ServiceFramework.executeBusinessLogic(ServiceFramework.java:138)
	at com.newgen.omni.jts.timer.WFTimerServiceBean.ejbTimeout(WFTimerServiceBean.java:109)
	at com.ibm.ejs.container.TimedObjectWrapper.invokeCallback(TimedObjectWrapper.java:125)
	at com.ibm.ejs.container.TimerTaskHandler.doWork(TimerTaskHandler.java:364)
	at com.ibm.ws.scheduler.AlarmListener.executeTaskWithNotification(AlarmListener.java:807)
	at com.ibm.ws.scheduler.AlarmListener.access$700(AlarmListener.java:124)
	at com.ibm.ws.scheduler.AlarmListener$TaskWork.doWork(AlarmListener.java:436)
	at com.ibm.ws.scheduler.AlarmListener$TaskWork.run(AlarmListener.java:222)
	at com.ibm.ws.asynchbeans.J2EEContext$RunProxy.run(J2EEContext.java:271)
	at java.security.AccessController.doPrivileged(AccessController.java:704)
	at javax.security.auth.Subject.doAs(Subject.java:490)
	at com.ibm.websphere.security.auth.WSSubject.doAs(WSSubject.java:133)
	at com.ibm.websphere.security.auth.WSSubject.doAs(WSSubject.java:91)
	at com.ibm.ws.asynchbeans.J2EEContext$DoAsProxy.run(J2EEContext.java:338)
	at java.security.AccessController.doPrivileged(AccessController.java:734)
	at com.ibm.ws.asynchbeans.J2EEContext.run(J2EEContext.java:806)
	at com.ibm.ws.asynchbeans.ExecutionContextImpl.go(ExecutionContextImpl.java:86)
	at com.ibm.ws.scheduler.AlarmListener.fireTask(AlarmListener.java:1416)
	at com.ibm.ws.scheduler.AlarmListener.fired(AlarmListener.java:1334)
	at com.ibm.ws.asynchbeans.AlarmImpl.callListenerMethod(AlarmImpl.java:427)
	at com.ibm.ws.asynchbeans.timer.GenericTimer.run(GenericTimer.java:229)
	at com.ibm.ws.asynchbeans.J2EEContext$RunProxy.run(J2EEContext.java:267)
	at java.security.AccessController.doPrivileged(AccessController.java:704)
	at javax.security.auth.Subject.doAs(Subject.java:490)
	at com.ibm.websphere.security.auth.WSSubject.doAs(WSSubject.java:133)
	at com.ibm.websphere.security.auth.WSSubject.doAs(WSSubject.java:91)
	at com.ibm.ws.asynchbeans.J2EEContext$DoAsProxy.run(J2EEContext.java:338)
	at java.security.AccessController.doPrivileged(AccessController.java:734)
	at com.ibm.ws.asynchbeans.J2EEContext.run(J2EEContext.java:1174)
	at com.ibm.ws.asynchbeans.AlarmImpl.runListenerAsCJWork(AlarmImpl.java:249)
	at com.ibm.ws.asynchbeans.am._Alarm.fireAlarm(_Alarm.java:340)
	at com.ibm.ws.asynchbeans.am._Alarm.run(_Alarm.java:237)
	at com.ibm.ws.util.ThreadPool$Worker.run(ThreadPool.java:1892)
Caused by: 
java.lang.IllegalStateException: Not connected
	at com.sun.mail.smtp.SMTPTransport.checkConnected(SMTPTransport.java:1817)
	at com.sun.mail.smtp.SMTPTransport.sendMessage(SMTPTransport.java:693)
	at com.newgen.omni.wf.util.email.MailClient.send(MailClient.java:231)
	... 35 more
[26 Dec 2025 12:06:57,260] - 
Error Code : -1505, Error description : Error in connecting with mail server using SMTP. Mailtaskid : 339832
[26 Dec 2025 12:06:57,260] - 
Error Code : -1505, Error description : Error in connecting with mail server using SMTP. Mailtaskid : 339832
[26 Dec 2025 12:21:20,873] - 
Starting Mailing Agent initialization.
[26 Dec 2025 12:21:20,889] - 
Connecting with mail server.
[26 Dec 2025 12:21:21,061] - 
Mailing Agent Load] : Error in connecting with mail server using SMTP : com.newgen.omni.wf.util.app.exception.AppGenericException: javax.mail.MessagingException: Can't send command to SMTP host;
  nested exception is:
	javax.net.ssl.SSLHandshakeException: PKIX path building failed: com.ibm.security.cert.IBMCertPathBuilderException: unable to find valid certification path to requested target
[26 Dec 2025 12:21:21,061] - 
Error Code : -1505, Error description : Error in connecting with mail server using SMTP.
[26 Dec 2025 12:21:22,061] - 
Retrying with main Mail Server
[26 Dec 2025 12:21:22,061] - 
Connecting with mail server.
[26 Dec 2025 12:21:22,191] - 
Mailing Agent Load] : Error in connecting with mail server using SMTP : com.newgen.omni.wf.util.app.exception.AppGenericException: javax.mail.MessagingException: Can't send command to SMTP host;
  nested exception is:
	javax.net.ssl.SSLHandshakeException: PKIX path building failed: com.ibm.security.cert.IBMCertPathBuilderException: unable to find valid certification path to requested target
[26 Dec 2025 12:21:22,191] - 
Error Code : -1505, Error description : Error in connecting with mail server using SMTP.
[26 Dec 2025 12:21:23,206] - 
Retrying with main Mail Server
[26 Dec 2025 12:21:23,206] - 
Connecting with mail server.
[26 Dec 2025 12:21:23,331] - 
Mailing Agent Load] : Error in connecting with mail server using SMTP : com.newgen.omni.wf.util.app.exception.AppGenericException: javax.mail.MessagingException: Can't send command to SMTP host;
  nested exception is:
	javax.net.ssl.SSLHandshakeException: PKIX path building failed: com.ibm.security.cert.IBMCertPathBuilderException: unable to find valid certification path to requested target
[26 Dec 2025 12:21:23,347] - 
Error Code : -1505, Error description : Error in connecting with mail server using SMTP.
[26 Dec 2025 12:21:24,348] - 
Retrying with main Mail Server
[26 Dec 2025 12:21:24,395] - 
Trying with Main Mail Server hostname : 192.168.155.59, For MailTaskID : 339833, retrialCount : 0
[26 Dec 2025 12:21:24,410] - 

java.lang.IllegalStateException: Not connected
	at com.sun.mail.smtp.SMTPTransport.checkConnected(SMTPTransport.java:1817)
	at com.sun.mail.smtp.SMTPTransport.sendMessage(SMTPTransport.java:693)
	at com.newgen.omni.wf.util.email.MailClient.send(MailClient.java:231)
	at com.newgen.omni.wf.mailagent.Mailer.mail(Mailer.java:348)
	at com.newgen.omni.wf.mailagent.MailAgent.executeAfter(MailAgent.java:319)
	at com.newgen.omni.wf.util.app.ServiceFramework.executeBusinessLogic(ServiceFramework.java:138)
	at com.newgen.omni.jts.timer.WFTimerServiceBean.ejbTimeout(WFTimerServiceBean.java:109)
	at com.ibm.ejs.container.TimedObjectWrapper.invokeCallback(TimedObjectWrapper.java:125)
	at com.ibm.ejs.container.TimerTaskHandler.doWork(TimerTaskHandler.java:364)
	at com.ibm.ws.scheduler.AlarmListener.executeTaskWithNotification(AlarmListener.java:807)
	at com.ibm.ws.scheduler.AlarmListener.access$700(AlarmListener.java:124)
	at com.ibm.ws.scheduler.AlarmListener$TaskWork.doWork(AlarmListener.java:436)
	at com.ibm.ws.scheduler.AlarmListener$TaskWork.run(AlarmListener.java:222)
	at com.ibm.ws.asynchbeans.J2EEContext$RunProxy.run(J2EEContext.java:271)
	at java.security.AccessController.doPrivileged(AccessController.java:704)
	at javax.security.auth.Subject.doAs(Subject.java:490)
	at com.ibm.websphere.security.auth.WSSubject.doAs(WSSubject.java:133)
	at com.ibm.websphere.security.auth.WSSubject.doAs(WSSubject.java:91)
	at com.ibm.ws.asynchbeans.J2EEContext$DoAsProxy.run(J2EEContext.java:338)
	at java.security.AccessController.doPrivileged(AccessController.java:734)
	at com.ibm.ws.asynchbeans.J2EEContext.run(J2EEContext.java:806)
	at com.ibm.ws.asynchbeans.ExecutionContextImpl.go(ExecutionContextImpl.java:86)
	at com.ibm.ws.scheduler.AlarmListener.fireTask(AlarmListener.java:1416)
	at com.ibm.ws.scheduler.AlarmListener.fired(AlarmListener.java:1334)
	at com.ibm.ws.asynchbeans.AlarmImpl.callListenerMethod(AlarmImpl.java:427)
	at com.ibm.ws.asynchbeans.timer.GenericTimer.run(GenericTimer.java:229)
	at com.ibm.ws.asynchbeans.J2EEContext$RunProxy.run(J2EEContext.java:267)
	at java.security.AccessController.doPrivileged(AccessController.java:704)
	at javax.security.auth.Subject.doAs(Subject.java:490)
	at com.ibm.websphere.security.auth.WSSubject.doAs(WSSubject.java:133)
	at com.ibm.websphere.security.auth.WSSubject.doAs(WSSubject.java:91)
	at com.ibm.ws.asynchbeans.J2EEContext$DoAsProxy.run(J2EEContext.java:338)
	at java.security.AccessController.doPrivileged(AccessController.java:734)
	at com.ibm.ws.asynchbeans.J2EEContext.run(J2EEContext.java:1174)
	at com.ibm.ws.asynchbeans.AlarmImpl.runListenerAsCJWork(AlarmImpl.java:249)
	at com.ibm.ws.asynchbeans.am._Alarm.fireAlarm(_Alarm.java:340)
	at com.ibm.ws.asynchbeans.am._Alarm.run(_Alarm.java:237)
	at com.ibm.ws.util.ThreadPool$Worker.run(ThreadPool.java:1892)
[26 Dec 2025 12:21:24,410] - 

com.newgen.omni.wf.util.email.EMailException: java.lang.IllegalStateException: Not connected;
  nested exception is:
	java.lang.IllegalStateException: Not connected
	at com.newgen.omni.wf.util.email.MailClient.send(MailClient.java:237)
	at com.newgen.omni.wf.mailagent.Mailer.mail(Mailer.java:348)
	at com.newgen.omni.wf.mailagent.MailAgent.executeAfter(MailAgent.java:319)
	at com.newgen.omni.wf.util.app.ServiceFramework.executeBusinessLogic(ServiceFramework.java:138)
	at com.newgen.omni.jts.timer.WFTimerServiceBean.ejbTimeout(WFTimerServiceBean.java:109)
	at com.ibm.ejs.container.TimedObjectWrapper.invokeCallback(TimedObjectWrapper.java:125)
	at com.ibm.ejs.container.TimerTaskHandler.doWork(TimerTaskHandler.java:364)
	at com.ibm.ws.scheduler.AlarmListener.executeTaskWithNotification(AlarmListener.java:807)
	at com.ibm.ws.scheduler.AlarmListener.access$700(AlarmListener.java:124)
	at com.ibm.ws.scheduler.AlarmListener$TaskWork.doWork(AlarmListener.java:436)
	at com.ibm.ws.scheduler.AlarmListener$TaskWork.run(AlarmListener.java:222)
	at com.ibm.ws.asynchbeans.J2EEContext$RunProxy.run(J2EEContext.java:271)
	at java.security.AccessController.doPrivileged(AccessController.java:704)
	at javax.security.auth.Subject.doAs(Subject.java:490)
	at com.ibm.websphere.security.auth.WSSubject.doAs(WSSubject.java:133)
	at com.ibm.websphere.security.auth.WSSubject.doAs(WSSubject.java:91)
	at com.ibm.ws.asynchbeans.J2EEContext$DoAsProxy.run(J2EEContext.java:338)
	at java.security.AccessController.doPrivileged(AccessController.java:734)
	at com.ibm.ws.asynchbeans.J2EEContext.run(J2EEContext.java:806)
	at com.ibm.ws.asynchbeans.ExecutionContextImpl.go(ExecutionContextImpl.java:86)
	at com.ibm.ws.scheduler.AlarmListener.fireTask(AlarmListener.java:1416)
	at com.ibm.ws.scheduler.AlarmListener.fired(AlarmListener.java:1334)
	at com.ibm.ws.asynchbeans.AlarmImpl.callListenerMethod(AlarmImpl.java:427)
	at com.ibm.ws.asynchbeans.timer.GenericTimer.run(GenericTimer.java:229)
	at com.ibm.ws.asynchbeans.J2EEContext$RunProxy.run(J2EEContext.java:267)
	at java.security.AccessController.doPrivileged(AccessController.java:704)
	at javax.security.auth.Subject.doAs(Subject.java:490)
	at com.ibm.websphere.security.auth.WSSubject.doAs(WSSubject.java:133)
	at com.ibm.websphere.security.auth.WSSubject.doAs(WSSubject.java:91)
	at com.ibm.ws.asynchbeans.J2EEContext$DoAsProxy.run(J2EEContext.java:338)
	at java.security.AccessController.doPrivileged(AccessController.java:734)
	at com.ibm.ws.asynchbeans.J2EEContext.run(J2EEContext.java:1174)
	at com.ibm.ws.asynchbeans.AlarmImpl.runListenerAsCJWork(AlarmImpl.java:249)
	at com.ibm.ws.asynchbeans.am._Alarm.fireAlarm(_Alarm.java:340)
	at com.ibm.ws.asynchbeans.am._Alarm.run(_Alarm.java:237)
	at com.ibm.ws.util.ThreadPool$Worker.run(ThreadPool.java:1892)
Caused by: 
java.lang.IllegalStateException: Not connected
	at com.sun.mail.smtp.SMTPTransport.checkConnected(SMTPTransport.java:1817)
	at com.sun.mail.smtp.SMTPTransport.sendMessage(SMTPTransport.java:693)
	at com.newgen.omni.wf.util.email.MailClient.send(MailClient.java:231)
	... 35 more
[26 Dec 2025 12:21:24,567] - 
Error Code : -1505, Error description : Error in connecting with mail server using SMTP. Mailtaskid : 339833
[26 Dec 2025 12:21:24,567] - 
Error Code : -1505, Error description : Error in connecting with mail server using SMTP. Mailtaskid : 339833
[26 Dec 2025 12:24:24,594] - 
Error Code : -14014, Error description : Unknown error occurred during reporting mail status. Mailtaskid : 339833
[26 Dec 2025 12:24:50,431] - 
Trying with Main Mail Server hostname : 192.168.155.59, For MailTaskID : 339833, retrialCount : 1
[26 Dec 2025 12:24:50,447] - 

java.lang.IllegalStateException: Not connected
	at com.sun.mail.smtp.SMTPTransport.checkConnected(SMTPTransport.java:1817)
	at com.sun.mail.smtp.SMTPTransport.sendMessage(SMTPTransport.java:693)
	at com.newgen.omni.wf.util.email.MailClient.send(MailClient.java:231)
	at com.newgen.omni.wf.mailagent.Mailer.mail(Mailer.java:348)
	at com.newgen.omni.wf.mailagent.MailAgent.executeAfter(MailAgent.java:319)
	at com.newgen.omni.wf.util.app.ServiceFramework.executeBusinessLogic(ServiceFramework.java:138)
	at com.newgen.omni.jts.timer.WFTimerServiceBean.ejbTimeout(WFTimerServiceBean.java:109)
	at com.ibm.ejs.container.TimedObjectWrapper.invokeCallback(TimedObjectWrapper.java:125)
	at com.ibm.ejs.container.TimerTaskHandler.doWork(TimerTaskHandler.java:364)
	at com.ibm.ws.scheduler.AlarmListener.executeTaskWithNotification(AlarmListener.java:807)
	at com.ibm.ws.scheduler.AlarmListener.access$700(AlarmListener.java:124)
	at com.ibm.ws.scheduler.AlarmListener$TaskWork.doWork(AlarmListener.java:436)
	at com.ibm.ws.scheduler.AlarmListener$TaskWork.run(AlarmListener.java:222)
	at com.ibm.ws.asynchbeans.J2EEContext$RunProxy.run(J2EEContext.java:271)
	at java.security.AccessController.doPrivileged(AccessController.java:704)
	at javax.security.auth.Subject.doAs(Subject.java:490)
	at com.ibm.websphere.security.auth.WSSubject.doAs(WSSubject.java:133)
	at com.ibm.websphere.security.auth.WSSubject.doAs(WSSubject.java:91)
	at com.ibm.ws.asynchbeans.J2EEContext$DoAsProxy.run(J2EEContext.java:338)
	at java.security.AccessController.doPrivileged(AccessController.java:734)
	at com.ibm.ws.asynchbeans.J2EEContext.run(J2EEContext.java:806)
	at com.ibm.ws.asynchbeans.ExecutionContextImpl.go(ExecutionContextImpl.java:86)
	at com.ibm.ws.scheduler.AlarmListener.fireTask(AlarmListener.java:1416)
	at com.ibm.ws.scheduler.AlarmListener.fired(AlarmListener.java:1334)
	at com.ibm.ws.asynchbeans.AlarmImpl.callListenerMethod(AlarmImpl.java:427)
	at com.ibm.ws.asynchbeans.timer.GenericTimer.run(GenericTimer.java:229)
	at com.ibm.ws.asynchbeans.J2EEContext$RunProxy.run(J2EEContext.java:267)
	at java.security.AccessController.doPrivileged(AccessController.java:704)
	at javax.security.auth.Subject.doAs(Subject.java:490)
	at com.ibm.websphere.security.auth.WSSubject.doAs(WSSubject.java:133)
	at com.ibm.websphere.security.auth.WSSubject.doAs(WSSubject.java:91)
	at com.ibm.ws.asynchbeans.J2EEContext$DoAsProxy.run(J2EEContext.java:338)
	at java.security.AccessController.doPrivileged(AccessController.java:734)
	at com.ibm.ws.asynchbeans.J2EEContext.run(J2EEContext.java:1174)
	at com.ibm.ws.asynchbeans.AlarmImpl.runListenerAsCJWork(AlarmImpl.java:249)
	at com.ibm.ws.asynchbeans.am._Alarm.fireAlarm(_Alarm.java:340)
	at com.ibm.ws.asynchbeans.am._Alarm.run(_Alarm.java:237)
	at com.ibm.ws.util.ThreadPool$Worker.run(ThreadPool.java:1892)
[26 Dec 2025 12:24:50,447] - 

com.newgen.omni.wf.util.email.EMailException: java.lang.IllegalStateException: Not connected;
  nested exception is:
	java.lang.IllegalStateException: Not connected
	at com.newgen.omni.wf.util.email.MailClient.send(MailClient.java:237)
	at com.newgen.omni.wf.mailagent.Mailer.mail(Mailer.java:348)
	at com.newgen.omni.wf.mailagent.MailAgent.executeAfter(MailAgent.java:319)
	at com.newgen.omni.wf.util.app.ServiceFramework.executeBusinessLogic(ServiceFramework.java:138)
	at com.newgen.omni.jts.timer.WFTimerServiceBean.ejbTimeout(WFTimerServiceBean.java:109)
	at com.ibm.ejs.container.TimedObjectWrapper.invokeCallback(TimedObjectWrapper.java:125)
	at com.ibm.ejs.container.TimerTaskHandler.doWork(TimerTaskHandler.java:364)
	at com.ibm.ws.scheduler.AlarmListener.executeTaskWithNotification(AlarmListener.java:807)
	at com.ibm.ws.scheduler.AlarmListener.access$700(AlarmListener.java:124)
	at com.ibm.ws.scheduler.AlarmListener$TaskWork.doWork(AlarmListener.java:436)
	at com.ibm.ws.scheduler.AlarmListener$TaskWork.run(AlarmListener.java:222)
	at com.ibm.ws.asynchbeans.J2EEContext$RunProxy.run(J2EEContext.java:271)
	at java.security.AccessController.doPrivileged(AccessController.java:704)
	at javax.security.auth.Subject.doAs(Subject.java:490)
	at com.ibm.websphere.security.auth.WSSubject.doAs(WSSubject.java:133)
	at com.ibm.websphere.security.auth.WSSubject.doAs(WSSubject.java:91)
	at com.ibm.ws.asynchbeans.J2EEContext$DoAsProxy.run(J2EEContext.java:338)
	at java.security.AccessController.doPrivileged(AccessController.java:734)
	at com.ibm.ws.asynchbeans.J2EEContext.run(J2EEContext.java:806)
	at com.ibm.ws.asynchbeans.ExecutionContextImpl.go(ExecutionContextImpl.java:86)
	at com.ibm.ws.scheduler.AlarmListener.fireTask(AlarmListener.java:1416)
	at com.ibm.ws.scheduler.AlarmListener.fired(AlarmListener.java:1334)
	at com.ibm.ws.asynchbeans.AlarmImpl.callListenerMethod(AlarmImpl.java:427)
	at com.ibm.ws.asynchbeans.timer.GenericTimer.run(GenericTimer.java:229)
	at com.ibm.ws.asynchbeans.J2EEContext$RunProxy.run(J2EEContext.java:267)
	at java.security.AccessController.doPrivileged(AccessController.java:704)
	at javax.security.auth.Subject.doAs(Subject.java:490)
	at com.ibm.websphere.security.auth.WSSubject.doAs(WSSubject.java:133)
	at com.ibm.websphere.security.auth.WSSubject.doAs(WSSubject.java:91)
	at com.ibm.ws.asynchbeans.J2EEContext$DoAsProxy.run(J2EEContext.java:338)
	at java.security.AccessController.doPrivileged(AccessController.java:734)
	at com.ibm.ws.asynchbeans.J2EEContext.run(J2EEContext.java:1174)
	at com.ibm.ws.asynchbeans.AlarmImpl.runListenerAsCJWork(AlarmImpl.java:249)
	at com.ibm.ws.asynchbeans.am._Alarm.fireAlarm(_Alarm.java:340)
	at com.ibm.ws.asynchbeans.am._Alarm.run(_Alarm.java:237)
	at com.ibm.ws.util.ThreadPool$Worker.run(ThreadPool.java:1892)
Caused by: 
java.lang.IllegalStateException: Not connected
	at com.sun.mail.smtp.SMTPTransport.checkConnected(SMTPTransport.java:1817)
	at com.sun.mail.smtp.SMTPTransport.sendMessage(SMTPTransport.java:693)
	at com.newgen.omni.wf.util.email.MailClient.send(MailClient.java:231)
	... 35 more
[26 Dec 2025 12:24:50,587] - 
Error Code : -1505, Error description : Error in connecting with mail server using SMTP. Mailtaskid : 339833
[26 Dec 2025 12:24:50,587] - 
Error Code : -1505, Error description : Error in connecting with mail server using SMTP. Mailtaskid : 339833
[26 Dec 2025 12:27:50,594] - 
Error Code : -14014, Error description : Unknown error occurred during reporting mail status. Mailtaskid : 339833
[26 Dec 2025 12:27:54,235] - 
Trying with Main Mail Server hostname : 192.168.155.59, For MailTaskID : 339833, retrialCount : 2
[26 Dec 2025 12:27:54,250] - 

java.lang.IllegalStateException: Not connected
	at com.sun.mail.smtp.SMTPTransport.checkConnected(SMTPTransport.java:1817)
	at com.sun.mail.smtp.SMTPTransport.sendMessage(SMTPTransport.java:693)
	at com.newgen.omni.wf.util.email.MailClient.send(MailClient.java:231)
	at com.newgen.omni.wf.mailagent.Mailer.mail(Mailer.java:348)
	at com.newgen.omni.wf.mailagent.MailAgent.executeAfter(MailAgent.java:319)
	at com.newgen.omni.wf.util.app.ServiceFramework.executeBusinessLogic(ServiceFramework.java:138)
	at com.newgen.omni.jts.timer.WFTimerServiceBean.ejbTimeout(WFTimerServiceBean.java:109)
	at com.ibm.ejs.container.TimedObjectWrapper.invokeCallback(TimedObjectWrapper.java:125)
	at com.ibm.ejs.container.TimerTaskHandler.doWork(TimerTaskHandler.java:364)
	at com.ibm.ws.scheduler.AlarmListener.executeTaskWithNotification(AlarmListener.java:807)
	at com.ibm.ws.scheduler.AlarmListener.access$700(AlarmListener.java:124)
	at com.ibm.ws.scheduler.AlarmListener$TaskWork.doWork(AlarmListener.java:436)
	at com.ibm.ws.scheduler.AlarmListener$TaskWork.run(AlarmListener.java:222)
	at com.ibm.ws.asynchbeans.J2EEContext$RunProxy.run(J2EEContext.java:271)
	at java.security.AccessController.doPrivileged(AccessController.java:704)
	at javax.security.auth.Subject.doAs(Subject.java:490)
	at com.ibm.websphere.security.auth.WSSubject.doAs(WSSubject.java:133)
	at com.ibm.websphere.security.auth.WSSubject.doAs(WSSubject.java:91)
	at com.ibm.ws.asynchbeans.J2EEContext$DoAsProxy.run(J2EEContext.java:338)
	at java.security.AccessController.doPrivileged(AccessController.java:734)
	at com.ibm.ws.asynchbeans.J2EEContext.run(J2EEContext.java:806)
	at com.ibm.ws.asynchbeans.ExecutionContextImpl.go(ExecutionContextImpl.java:86)
	at com.ibm.ws.scheduler.AlarmListener.fireTask(AlarmListener.java:1416)
	at com.ibm.ws.scheduler.AlarmListener.fired(AlarmListener.java:1334)
	at com.ibm.ws.asynchbeans.AlarmImpl.callListenerMethod(AlarmImpl.java:427)
	at com.ibm.ws.asynchbeans.timer.GenericTimer.run(GenericTimer.java:229)
	at com.ibm.ws.asynchbeans.J2EEContext$RunProxy.run(J2EEContext.java:267)
	at java.security.AccessController.doPrivileged(AccessController.java:704)
	at javax.security.auth.Subject.doAs(Subject.java:490)
	at com.ibm.websphere.security.auth.WSSubject.doAs(WSSubject.java:133)
	at com.ibm.websphere.security.auth.WSSubject.doAs(WSSubject.java:91)
	at com.ibm.ws.asynchbeans.J2EEContext$DoAsProxy.run(J2EEContext.java:338)
	at java.security.AccessController.doPrivileged(AccessController.java:734)
	at com.ibm.ws.asynchbeans.J2EEContext.run(J2EEContext.java:1174)
	at com.ibm.ws.asynchbeans.AlarmImpl.runListenerAsCJWork(AlarmImpl.java:249)
	at com.ibm.ws.asynchbeans.am._Alarm.fireAlarm(_Alarm.java:340)
	at com.ibm.ws.asynchbeans.am._Alarm.run(_Alarm.java:237)
	at com.ibm.ws.util.ThreadPool$Worker.run(ThreadPool.java:1892)
[26 Dec 2025 12:27:54,250] - 

com.newgen.omni.wf.util.email.EMailException: java.lang.IllegalStateException: Not connected;
  nested exception is:
	java.lang.IllegalStateException: Not connected
	at com.newgen.omni.wf.util.email.MailClient.send(MailClient.java:237)
	at com.newgen.omni.wf.mailagent.Mailer.mail(Mailer.java:348)
	at com.newgen.omni.wf.mailagent.MailAgent.executeAfter(MailAgent.java:319)
	at com.newgen.omni.wf.util.app.ServiceFramework.executeBusinessLogic(ServiceFramework.java:138)
	at com.newgen.omni.jts.timer.WFTimerServiceBean.ejbTimeout(WFTimerServiceBean.java:109)
	at com.ibm.ejs.container.TimedObjectWrapper.invokeCallback(TimedObjectWrapper.java:125)
	at com.ibm.ejs.container.TimerTaskHandler.doWork(TimerTaskHandler.java:364)
	at com.ibm.ws.scheduler.AlarmListener.executeTaskWithNotification(AlarmListener.java:807)
	at com.ibm.ws.scheduler.AlarmListener.access$700(AlarmListener.java:124)
	at com.ibm.ws.scheduler.AlarmListener$TaskWork.doWork(AlarmListener.java:436)
	at com.ibm.ws.scheduler.AlarmListener$TaskWork.run(AlarmListener.java:222)
	at com.ibm.ws.asynchbeans.J2EEContext$RunProxy.run(J2EEContext.java:271)
	at java.security.AccessController.doPrivileged(AccessController.java:704)
	at javax.security.auth.Subject.doAs(Subject.java:490)
	at com.ibm.websphere.security.auth.WSSubject.doAs(WSSubject.java:133)
	at com.ibm.websphere.security.auth.WSSubject.doAs(WSSubject.java:91)
	at com.ibm.ws.asynchbeans.J2EEContext$DoAsProxy.run(J2EEContext.java:338)
	at java.security.AccessController.doPrivileged(AccessController.java:734)
	at com.ibm.ws.asynchbeans.J2EEContext.run(J2EEContext.java:806)
	at com.ibm.ws.asynchbeans.ExecutionContextImpl.go(ExecutionContextImpl.java:86)
	at com.ibm.ws.scheduler.AlarmListener.fireTask(AlarmListener.java:1416)
	at com.ibm.ws.scheduler.AlarmListener.fired(AlarmListener.java:1334)
	at com.ibm.ws.asynchbeans.AlarmImpl.callListenerMethod(AlarmImpl.java:427)
	at com.ibm.ws.asynchbeans.timer.GenericTimer.run(GenericTimer.java:229)
	at com.ibm.ws.asynchbeans.J2EEContext$RunProxy.run(J2EEContext.java:267)
	at java.security.AccessController.doPrivileged(AccessController.java:704)
	at javax.security.auth.Subject.doAs(Subject.java:490)
	at com.ibm.websphere.security.auth.WSSubject.doAs(WSSubject.java:133)
	at com.ibm.websphere.security.auth.WSSubject.doAs(WSSubject.java:91)
	at com.ibm.ws.asynchbeans.J2EEContext$DoAsProxy.run(J2EEContext.java:338)
	at java.security.AccessController.doPrivileged(AccessController.java:734)
	at com.ibm.ws.asynchbeans.J2EEContext.run(J2EEContext.java:1174)
	at com.ibm.ws.asynchbeans.AlarmImpl.runListenerAsCJWork(AlarmImpl.java:249)
	at com.ibm.ws.asynchbeans.am._Alarm.fireAlarm(_Alarm.java:340)
	at com.ibm.ws.asynchbeans.am._Alarm.run(_Alarm.java:237)
	at com.ibm.ws.util.ThreadPool$Worker.run(ThreadPool.java:1892)
Caused by: 
java.lang.IllegalStateException: Not connected
	at com.sun.mail.smtp.SMTPTransport.checkConnected(SMTPTransport.java:1817)
	at com.sun.mail.smtp.SMTPTransport.sendMessage(SMTPTransport.java:693)
	at com.newgen.omni.wf.util.email.MailClient.send(MailClient.java:231)
	... 35 more
[26 Dec 2025 12:27:54,391] - 
Error Code : -1505, Error description : Error in connecting with mail server using SMTP. Mailtaskid : 339833
[26 Dec 2025 12:27:54,391] - 
Error Code : -1505, Error description : Error in connecting with mail server using SMTP. Mailtaskid : 339833
[26 Dec 2025 12:30:54,413] - 
Error Code : -14014, Error description : Unknown error occurred during reporting mail status. Mailtaskid : 339833
[26 Dec 2025 12:30:57,821] - 
Trying with Main Mail Server hostname : 192.168.155.59, For MailTaskID : 339833, retrialCount : 3
[26 Dec 2025 12:30:57,821] - 

java.lang.IllegalStateException: Not connected
	at com.sun.mail.smtp.SMTPTransport.checkConnected(SMTPTransport.java:1817)
	at com.sun.mail.smtp.SMTPTransport.sendMessage(SMTPTransport.java:693)
	at com.newgen.omni.wf.util.email.MailClient.send(MailClient.java:231)
	at com.newgen.omni.wf.mailagent.Mailer.mail(Mailer.java:348)
	at com.newgen.omni.wf.mailagent.MailAgent.executeAfter(MailAgent.java:319)
	at com.newgen.omni.wf.util.app.ServiceFramework.executeBusinessLogic(ServiceFramework.java:138)
	at com.newgen.omni.jts.timer.WFTimerServiceBean.ejbTimeout(WFTimerServiceBean.java:109)
	at com.ibm.ejs.container.TimedObjectWrapper.invokeCallback(TimedObjectWrapper.java:125)
	at com.ibm.ejs.container.TimerTaskHandler.doWork(TimerTaskHandler.java:364)
	at com.ibm.ws.scheduler.AlarmListener.executeTaskWithNotification(AlarmListener.java:807)
	at com.ibm.ws.scheduler.AlarmListener.access$700(AlarmListener.java:124)
	at com.ibm.ws.scheduler.AlarmListener$TaskWork.doWork(AlarmListener.java:436)
	at com.ibm.ws.scheduler.AlarmListener$TaskWork.run(AlarmListener.java:222)
	at com.ibm.ws.asynchbeans.J2EEContext$RunProxy.run(J2EEContext.java:271)
	at java.security.AccessController.doPrivileged(AccessController.java:704)
	at javax.security.auth.Subject.doAs(Subject.java:490)
	at com.ibm.websphere.security.auth.WSSubject.doAs(WSSubject.java:133)
	at com.ibm.websphere.security.auth.WSSubject.doAs(WSSubject.java:91)
	at com.ibm.ws.asynchbeans.J2EEContext$DoAsProxy.run(J2EEContext.java:338)
	at java.security.AccessController.doPrivileged(AccessController.java:734)
	at com.ibm.ws.asynchbeans.J2EEContext.run(J2EEContext.java:806)
	at com.ibm.ws.asynchbeans.ExecutionContextImpl.go(ExecutionContextImpl.java:86)
	at com.ibm.ws.scheduler.AlarmListener.fireTask(AlarmListener.java:1416)
	at com.ibm.ws.scheduler.AlarmListener.fired(AlarmListener.java:1334)
	at com.ibm.ws.asynchbeans.AlarmImpl.callListenerMethod(AlarmImpl.java:427)
	at com.ibm.ws.asynchbeans.timer.GenericTimer.run(GenericTimer.java:229)
	at com.ibm.ws.asynchbeans.J2EEContext$RunProxy.run(J2EEContext.java:267)
	at java.security.AccessController.doPrivileged(AccessController.java:704)
	at javax.security.auth.Subject.doAs(Subject.java:490)
	at com.ibm.websphere.security.auth.WSSubject.doAs(WSSubject.java:133)
	at com.ibm.websphere.security.auth.WSSubject.doAs(WSSubject.java:91)
	at com.ibm.ws.asynchbeans.J2EEContext$DoAsProxy.run(J2EEContext.java:338)
	at java.security.AccessController.doPrivileged(AccessController.java:734)
	at com.ibm.ws.asynchbeans.J2EEContext.run(J2EEContext.java:1174)
	at com.ibm.ws.asynchbeans.AlarmImpl.runListenerAsCJWork(AlarmImpl.java:249)
	at com.ibm.ws.asynchbeans.am._Alarm.fireAlarm(_Alarm.java:340)
	at com.ibm.ws.asynchbeans.am._Alarm.run(_Alarm.java:237)
	at com.ibm.ws.util.ThreadPool$Worker.run(ThreadPool.java:1892)
[26 Dec 2025 12:30:57,821] - 

com.newgen.omni.wf.util.email.EMailException: java.lang.IllegalStateException: Not connected;
  nested exception is:
	java.lang.IllegalStateException: Not connected
	at com.newgen.omni.wf.util.email.MailClient.send(MailClient.java:237)
	at com.newgen.omni.wf.mailagent.Mailer.mail(Mailer.java:348)
	at com.newgen.omni.wf.mailagent.MailAgent.executeAfter(MailAgent.java:319)
	at com.newgen.omni.wf.util.app.ServiceFramework.executeBusinessLogic(ServiceFramework.java:138)
	at com.newgen.omni.jts.timer.WFTimerServiceBean.ejbTimeout(WFTimerServiceBean.java:109)
	at com.ibm.ejs.container.TimedObjectWrapper.invokeCallback(TimedObjectWrapper.java:125)
	at com.ibm.ejs.container.TimerTaskHandler.doWork(TimerTaskHandler.java:364)
	at com.ibm.ws.scheduler.AlarmListener.executeTaskWithNotification(AlarmListener.java:807)
	at com.ibm.ws.scheduler.AlarmListener.access$700(AlarmListener.java:124)
	at com.ibm.ws.scheduler.AlarmListener$TaskWork.doWork(AlarmListener.java:436)
	at com.ibm.ws.scheduler.AlarmListener$TaskWork.run(AlarmListener.java:222)
	at com.ibm.ws.asynchbeans.J2EEContext$RunProxy.run(J2EEContext.java:271)
	at java.security.AccessController.doPrivileged(AccessController.java:704)
	at javax.security.auth.Subject.doAs(Subject.java:490)
	at com.ibm.websphere.security.auth.WSSubject.doAs(WSSubject.java:133)
	at com.ibm.websphere.security.auth.WSSubject.doAs(WSSubject.java:91)
	at com.ibm.ws.asynchbeans.J2EEContext$DoAsProxy.run(J2EEContext.java:338)
	at java.security.AccessController.doPrivileged(AccessController.java:734)
	at com.ibm.ws.asynchbeans.J2EEContext.run(J2EEContext.java:806)
	at com.ibm.ws.asynchbeans.ExecutionContextImpl.go(ExecutionContextImpl.java:86)
	at com.ibm.ws.scheduler.AlarmListener.fireTask(AlarmListener.java:1416)
	at com.ibm.ws.scheduler.AlarmListener.fired(AlarmListener.java:1334)
	at com.ibm.ws.asynchbeans.AlarmImpl.callListenerMethod(AlarmImpl.java:427)
	at com.ibm.ws.asynchbeans.timer.GenericTimer.run(GenericTimer.java:229)
	at com.ibm.ws.asynchbeans.J2EEContext$RunProxy.run(J2EEContext.java:267)
	at java.security.AccessController.doPrivileged(AccessController.java:704)
	at javax.security.auth.Subject.doAs(Subject.java:490)
	at com.ibm.websphere.security.auth.WSSubject.doAs(WSSubject.java:133)
	at com.ibm.websphere.security.auth.WSSubject.doAs(WSSubject.java:91)
	at com.ibm.ws.asynchbeans.J2EEContext$DoAsProxy.run(J2EEContext.java:338)
	at java.security.AccessController.doPrivileged(AccessController.java:734)
	at com.ibm.ws.asynchbeans.J2EEContext.run(J2EEContext.java:1174)
	at com.ibm.ws.asynchbeans.AlarmImpl.runListenerAsCJWork(AlarmImpl.java:249)
	at com.ibm.ws.asynchbeans.am._Alarm.fireAlarm(_Alarm.java:340)
	at com.ibm.ws.asynchbeans.am._Alarm.run(_Alarm.java:237)
	at com.ibm.ws.util.ThreadPool$Worker.run(ThreadPool.java:1892)
Caused by: 
java.lang.IllegalStateException: Not connected
	at com.sun.mail.smtp.SMTPTransport.checkConnected(SMTPTransport.java:1817)
	at com.sun.mail.smtp.SMTPTransport.sendMessage(SMTPTransport.java:693)
	at com.newgen.omni.wf.util.email.MailClient.send(MailClient.java:231)
	... 35 more
[26 Dec 2025 12:30:57,977] - 
Error Code : -1505, Error description : Error in connecting with mail server using SMTP. Mailtaskid : 339833
[26 Dec 2025 12:30:57,977] - 
Error Code : -1505, Error description : Error in connecting with mail server using SMTP. Mailtaskid : 339833
[26 Dec 2025 12:33:58,005] - 
Error Code : -14014, Error description : Unknown error occurred during reporting mail status. Mailtaskid : 339833
[26 Dec 2025 12:34:01,083] - 
Trying with Main Mail Server hostname : 192.168.155.59, For MailTaskID : 339833, retrialCount : 4
[26 Dec 2025 12:34:01,083] - 

java.lang.IllegalStateException: Not connected
	at com.sun.mail.smtp.SMTPTransport.checkConnected(SMTPTransport.java:1817)
	at com.sun.mail.smtp.SMTPTransport.sendMessage(SMTPTransport.java:693)
	at com.newgen.omni.wf.util.email.MailClient.send(MailClient.java:231)
	at com.newgen.omni.wf.mailagent.Mailer.mail(Mailer.java:348)
	at com.newgen.omni.wf.mailagent.MailAgent.executeAfter(MailAgent.java:319)
	at com.newgen.omni.wf.util.app.ServiceFramework.executeBusinessLogic(ServiceFramework.java:138)
	at com.newgen.omni.jts.timer.WFTimerServiceBean.ejbTimeout(WFTimerServiceBean.java:109)
	at com.ibm.ejs.container.TimedObjectWrapper.invokeCallback(TimedObjectWrapper.java:125)
	at com.ibm.ejs.container.TimerTaskHandler.doWork(TimerTaskHandler.java:364)
	at com.ibm.ws.scheduler.AlarmListener.executeTaskWithNotification(AlarmListener.java:807)
	at com.ibm.ws.scheduler.AlarmListener.access$700(AlarmListener.java:124)
	at com.ibm.ws.scheduler.AlarmListener$TaskWork.doWork(AlarmListener.java:436)
	at com.ibm.ws.scheduler.AlarmListener$TaskWork.run(AlarmListener.java:222)
	at com.ibm.ws.asynchbeans.J2EEContext$RunProxy.run(J2EEContext.java:271)
	at java.security.AccessController.doPrivileged(AccessController.java:704)
	at javax.security.auth.Subject.doAs(Subject.java:490)
	at com.ibm.websphere.security.auth.WSSubject.doAs(WSSubject.java:133)
	at com.ibm.websphere.security.auth.WSSubject.doAs(WSSubject.java:91)
	at com.ibm.ws.asynchbeans.J2EEContext$DoAsProxy.run(J2EEContext.java:338)
	at java.security.AccessController.doPrivileged(AccessController.java:734)
	at com.ibm.ws.asynchbeans.J2EEContext.run(J2EEContext.java:806)
	at com.ibm.ws.asynchbeans.ExecutionContextImpl.go(ExecutionContextImpl.java:86)
	at com.ibm.ws.scheduler.AlarmListener.fireTask(AlarmListener.java:1416)
	at com.ibm.ws.scheduler.AlarmListener.fired(AlarmListener.java:1334)
	at com.ibm.ws.asynchbeans.AlarmImpl.callListenerMethod(AlarmImpl.java:427)
	at com.ibm.ws.asynchbeans.timer.GenericTimer.run(GenericTimer.java:229)
	at com.ibm.ws.asynchbeans.J2EEContext$RunProxy.run(J2EEContext.java:267)
	at java.security.AccessController.doPrivileged(AccessController.java:704)
	at javax.security.auth.Subject.doAs(Subject.java:490)
	at com.ibm.websphere.security.auth.WSSubject.doAs(WSSubject.java:133)
	at com.ibm.websphere.security.auth.WSSubject.doAs(WSSubject.java:91)
	at com.ibm.ws.asynchbeans.J2EEContext$DoAsProxy.run(J2EEContext.java:338)
	at java.security.AccessController.doPrivileged(AccessController.java:734)
	at com.ibm.ws.asynchbeans.J2EEContext.run(J2EEContext.java:1174)
	at com.ibm.ws.asynchbeans.AlarmImpl.runListenerAsCJWork(AlarmImpl.java:249)
	at com.ibm.ws.asynchbeans.am._Alarm.fireAlarm(_Alarm.java:340)
	at com.ibm.ws.asynchbeans.am._Alarm.run(_Alarm.java:237)
	at com.ibm.ws.util.ThreadPool$Worker.run(ThreadPool.java:1892)
[26 Dec 2025 12:34:01,083] - 

com.newgen.omni.wf.util.email.EMailException: java.lang.IllegalStateException: Not connected;
  nested exception is:
	java.lang.IllegalStateException: Not connected
	at com.newgen.omni.wf.util.email.MailClient.send(MailClient.java:237)
	at com.newgen.omni.wf.mailagent.Mailer.mail(Mailer.java:348)
	at com.newgen.omni.wf.mailagent.MailAgent.executeAfter(MailAgent.java:319)
	at com.newgen.omni.wf.util.app.ServiceFramework.executeBusinessLogic(ServiceFramework.java:138)
	at com.newgen.omni.jts.timer.WFTimerServiceBean.ejbTimeout(WFTimerServiceBean.java:109)
	at com.ibm.ejs.container.TimedObjectWrapper.invokeCallback(TimedObjectWrapper.java:125)
	at com.ibm.ejs.container.TimerTaskHandler.doWork(TimerTaskHandler.java:364)
	at com.ibm.ws.scheduler.AlarmListener.executeTaskWithNotification(AlarmListener.java:807)
	at com.ibm.ws.scheduler.AlarmListener.access$700(AlarmListener.java:124)
	at com.ibm.ws.scheduler.AlarmListener$TaskWork.doWork(AlarmListener.java:436)
	at com.ibm.ws.scheduler.AlarmListener$TaskWork.run(AlarmListener.java:222)
	at com.ibm.ws.asynchbeans.J2EEContext$RunProxy.run(J2EEContext.java:271)
	at java.security.AccessController.doPrivileged(AccessController.java:704)
	at javax.security.auth.Subject.doAs(Subject.java:490)
	at com.ibm.websphere.security.auth.WSSubject.doAs(WSSubject.java:133)
	at com.ibm.websphere.security.auth.WSSubject.doAs(WSSubject.java:91)
	at com.ibm.ws.asynchbeans.J2EEContext$DoAsProxy.run(J2EEContext.java:338)
	at java.security.AccessController.doPrivileged(AccessController.java:734)
	at com.ibm.ws.asynchbeans.J2EEContext.run(J2EEContext.java:806)
	at com.ibm.ws.asynchbeans.ExecutionContextImpl.go(ExecutionContextImpl.java:86)
	at com.ibm.ws.scheduler.AlarmListener.fireTask(AlarmListener.java:1416)
	at com.ibm.ws.scheduler.AlarmListener.fired(AlarmListener.java:1334)
	at com.ibm.ws.asynchbeans.AlarmImpl.callListenerMethod(AlarmImpl.java:427)
	at com.ibm.ws.asynchbeans.timer.GenericTimer.run(GenericTimer.java:229)
	at com.ibm.ws.asynchbeans.J2EEContext$RunProxy.run(J2EEContext.java:267)
	at java.security.AccessController.doPrivileged(AccessController.java:704)
	at javax.security.auth.Subject.doAs(Subject.java:490)
	at com.ibm.websphere.security.auth.WSSubject.doAs(WSSubject.java:133)
	at com.ibm.websphere.security.auth.WSSubject.doAs(WSSubject.java:91)
	at com.ibm.ws.asynchbeans.J2EEContext$DoAsProxy.run(J2EEContext.java:338)
	at java.security.AccessController.doPrivileged(AccessController.java:734)
	at com.ibm.ws.asynchbeans.J2EEContext.run(J2EEContext.java:1174)
	at com.ibm.ws.asynchbeans.AlarmImpl.runListenerAsCJWork(AlarmImpl.java:249)
	at com.ibm.ws.asynchbeans.am._Alarm.fireAlarm(_Alarm.java:340)
	at com.ibm.ws.asynchbeans.am._Alarm.run(_Alarm.java:237)
	at com.ibm.ws.util.ThreadPool$Worker.run(ThreadPool.java:1892)
Caused by: 
java.lang.IllegalStateException: Not connected
	at com.sun.mail.smtp.SMTPTransport.checkConnected(SMTPTransport.java:1817)
	at com.sun.mail.smtp.SMTPTransport.sendMessage(SMTPTransport.java:693)
	at com.newgen.omni.wf.util.email.MailClient.send(MailClient.java:231)
	... 35 more
[26 Dec 2025 12:34:01,224] - 
Error Code : -1505, Error description : Error in connecting with mail server using SMTP. Mailtaskid : 339833
[26 Dec 2025 12:34:01,224] - 
Error Code : -1505, Error description : Error in connecting with mail server using SMTP. Mailtaskid : 339833
[26 Dec 2025 12:37:01,343] - 
Error Code : -14014, Error description : Unknown error occurred during reporting mail status. Mailtaskid : 339833
[26 Dec 2025 12:37:04,375] - 
Trying with Main Mail Server hostname : 192.168.155.59, For MailTaskID : 339834, retrialCount : 0
[26 Dec 2025 12:37:04,391] - 

java.lang.IllegalStateException: Not connected
	at com.sun.mail.smtp.SMTPTransport.checkConnected(SMTPTransport.java:1817)
	at com.sun.mail.smtp.SMTPTransport.sendMessage(SMTPTransport.java:693)
	at com.newgen.omni.wf.util.email.MailClient.send(MailClient.java:231)
	at com.newgen.omni.wf.mailagent.Mailer.mail(Mailer.java:348)
	at com.newgen.omni.wf.mailagent.MailAgent.executeAfter(MailAgent.java:319)
	at com.newgen.omni.wf.util.app.ServiceFramework.executeBusinessLogic(ServiceFramework.java:138)
	at com.newgen.omni.jts.timer.WFTimerServiceBean.ejbTimeout(WFTimerServiceBean.java:109)
	at com.ibm.ejs.container.TimedObjectWrapper.invokeCallback(TimedObjectWrapper.java:125)
	at com.ibm.ejs.container.TimerTaskHandler.doWork(TimerTaskHandler.java:364)
	at com.ibm.ws.scheduler.AlarmListener.executeTaskWithNotification(AlarmListener.java:807)
	at com.ibm.ws.scheduler.AlarmListener.access$700(AlarmListener.java:124)
	at com.ibm.ws.scheduler.AlarmListener$TaskWork.doWork(AlarmListener.java:436)
	at com.ibm.ws.scheduler.AlarmListener$TaskWork.run(AlarmListener.java:222)
	at com.ibm.ws.asynchbeans.J2EEContext$RunProxy.run(J2EEContext.java:271)
	at java.security.AccessController.doPrivileged(AccessController.java:704)
	at javax.security.auth.Subject.doAs(Subject.java:490)
	at com.ibm.websphere.security.auth.WSSubject.doAs(WSSubject.java:133)
	at com.ibm.websphere.security.auth.WSSubject.doAs(WSSubject.java:91)
	at com.ibm.ws.asynchbeans.J2EEContext$DoAsProxy.run(J2EEContext.java:338)
	at java.security.AccessController.doPrivileged(AccessController.java:734)
	at com.ibm.ws.asynchbeans.J2EEContext.run(J2EEContext.java:806)
	at com.ibm.ws.asynchbeans.ExecutionContextImpl.go(ExecutionContextImpl.java:86)
	at com.ibm.ws.scheduler.AlarmListener.fireTask(AlarmListener.java:1416)
	at com.ibm.ws.scheduler.AlarmListener.fired(AlarmListener.java:1334)
	at com.ibm.ws.asynchbeans.AlarmImpl.callListenerMethod(AlarmImpl.java:427)
	at com.ibm.ws.asynchbeans.timer.GenericTimer.run(GenericTimer.java:229)
	at com.ibm.ws.asynchbeans.J2EEContext$RunProxy.run(J2EEContext.java:267)
	at java.security.AccessController.doPrivileged(AccessController.java:704)
	at javax.security.auth.Subject.doAs(Subject.java:490)
	at com.ibm.websphere.security.auth.WSSubject.doAs(WSSubject.java:133)
	at com.ibm.websphere.security.auth.WSSubject.doAs(WSSubject.java:91)
	at com.ibm.ws.asynchbeans.J2EEContext$DoAsProxy.run(J2EEContext.java:338)
	at java.security.AccessController.doPrivileged(AccessController.java:734)
	at com.ibm.ws.asynchbeans.J2EEContext.run(J2EEContext.java:1174)
	at com.ibm.ws.asynchbeans.AlarmImpl.runListenerAsCJWork(AlarmImpl.java:249)
	at com.ibm.ws.asynchbeans.am._Alarm.fireAlarm(_Alarm.java:340)
	at com.ibm.ws.asynchbeans.am._Alarm.run(_Alarm.java:237)
	at com.ibm.ws.util.ThreadPool$Worker.run(ThreadPool.java:1892)
[26 Dec 2025 12:37:04,391] - 

com.newgen.omni.wf.util.email.EMailException: java.lang.IllegalStateException: Not connected;
  nested exception is:
	java.lang.IllegalStateException: Not connected
	at com.newgen.omni.wf.util.email.MailClient.send(MailClient.java:237)
	at com.newgen.omni.wf.mailagent.Mailer.mail(Mailer.java:348)
	at com.newgen.omni.wf.mailagent.MailAgent.executeAfter(MailAgent.java:319)
	at com.newgen.omni.wf.util.app.ServiceFramework.executeBusinessLogic(ServiceFramework.java:138)
	at com.newgen.omni.jts.timer.WFTimerServiceBean.ejbTimeout(WFTimerServiceBean.java:109)
	at com.ibm.ejs.container.TimedObjectWrapper.invokeCallback(TimedObjectWrapper.java:125)
	at com.ibm.ejs.container.TimerTaskHandler.doWork(TimerTaskHandler.java:364)
	at com.ibm.ws.scheduler.AlarmListener.executeTaskWithNotification(AlarmListener.java:807)
	at com.ibm.ws.scheduler.AlarmListener.access$700(AlarmListener.java:124)
	at com.ibm.ws.scheduler.AlarmListener$TaskWork.doWork(AlarmListener.java:436)
	at com.ibm.ws.scheduler.AlarmListener$TaskWork.run(AlarmListener.java:222)
	at com.ibm.ws.asynchbeans.J2EEContext$RunProxy.run(J2EEContext.java:271)
	at java.security.AccessController.doPrivileged(AccessController.java:704)
	at javax.security.auth.Subject.doAs(Subject.java:490)
	at com.ibm.websphere.security.auth.WSSubject.doAs(WSSubject.java:133)
	at com.ibm.websphere.security.auth.WSSubject.doAs(WSSubject.java:91)
	at com.ibm.ws.asynchbeans.J2EEContext$DoAsProxy.run(J2EEContext.java:338)
	at java.security.AccessController.doPrivileged(AccessController.java:734)
	at com.ibm.ws.asynchbeans.J2EEContext.run(J2EEContext.java:806)
	at com.ibm.ws.asynchbeans.ExecutionContextImpl.go(ExecutionContextImpl.java:86)
	at com.ibm.ws.scheduler.AlarmListener.fireTask(AlarmListener.java:1416)
	at com.ibm.ws.scheduler.AlarmListener.fired(AlarmListener.java:1334)
	at com.ibm.ws.asynchbeans.AlarmImpl.callListenerMethod(AlarmImpl.java:427)
	at com.ibm.ws.asynchbeans.timer.GenericTimer.run(GenericTimer.java:229)
	at com.ibm.ws.asynchbeans.J2EEContext$RunProxy.run(J2EEContext.java:267)
	at java.security.AccessController.doPrivileged(AccessController.java:704)
	at javax.security.auth.Subject.doAs(Subject.java:490)
	at com.ibm.websphere.security.auth.WSSubject.doAs(WSSubject.java:133)
	at com.ibm.websphere.security.auth.WSSubject.doAs(WSSubject.java:91)
	at com.ibm.ws.asynchbeans.J2EEContext$DoAsProxy.run(J2EEContext.java:338)
	at java.security.AccessController.doPrivileged(AccessController.java:734)
	at com.ibm.ws.asynchbeans.J2EEContext.run(J2EEContext.java:1174)
	at com.ibm.ws.asynchbeans.AlarmImpl.runListenerAsCJWork(AlarmImpl.java:249)
	at com.ibm.ws.asynchbeans.am._Alarm.fireAlarm(_Alarm.java:340)
	at com.ibm.ws.asynchbeans.am._Alarm.run(_Alarm.java:237)
	at com.ibm.ws.util.ThreadPool$Worker.run(ThreadPool.java:1892)
Caused by: 
java.lang.IllegalStateException: Not connected
	at com.sun.mail.smtp.SMTPTransport.checkConnected(SMTPTransport.java:1817)
	at com.sun.mail.smtp.SMTPTransport.sendMessage(SMTPTransport.java:693)
	at com.newgen.omni.wf.util.email.MailClient.send(MailClient.java:231)
	... 35 more
[26 Dec 2025 12:37:04,516] - 
Error Code : -1505, Error description : Error in connecting with mail server using SMTP. Mailtaskid : 339834
[26 Dec 2025 12:37:04,516] - 
Error Code : -1505, Error description : Error in connecting with mail server using SMTP. Mailtaskid : 339834
[26 Dec 2025 12:40:04,539] - 
Error Code : -14014, Error description : Unknown error occurred during reporting mail status. Mailtaskid : 339834
[26 Dec 2025 12:40:07,570] - 
Trying with Main Mail Server hostname : 192.168.155.59, For MailTaskID : 339834, retrialCount : 1
[26 Dec 2025 12:40:07,585] - 

java.lang.IllegalStateException: Not connected
	at com.sun.mail.smtp.SMTPTransport.checkConnected(SMTPTransport.java:1817)
	at com.sun.mail.smtp.SMTPTransport.sendMessage(SMTPTransport.java:693)
	at com.newgen.omni.wf.util.email.MailClient.send(MailClient.java:231)
	at com.newgen.omni.wf.mailagent.Mailer.mail(Mailer.java:348)
	at com.newgen.omni.wf.mailagent.MailAgent.executeAfter(MailAgent.java:319)
	at com.newgen.omni.wf.util.app.ServiceFramework.executeBusinessLogic(ServiceFramework.java:138)
	at com.newgen.omni.jts.timer.WFTimerServiceBean.ejbTimeout(WFTimerServiceBean.java:109)
	at com.ibm.ejs.container.TimedObjectWrapper.invokeCallback(TimedObjectWrapper.java:125)
	at com.ibm.ejs.container.TimerTaskHandler.doWork(TimerTaskHandler.java:364)
	at com.ibm.ws.scheduler.AlarmListener.executeTaskWithNotification(AlarmListener.java:807)
	at com.ibm.ws.scheduler.AlarmListener.access$700(AlarmListener.java:124)
	at com.ibm.ws.scheduler.AlarmListener$TaskWork.doWork(AlarmListener.java:436)
	at com.ibm.ws.scheduler.AlarmListener$TaskWork.run(AlarmListener.java:222)
	at com.ibm.ws.asynchbeans.J2EEContext$RunProxy.run(J2EEContext.java:271)
	at java.security.AccessController.doPrivileged(AccessController.java:704)
	at javax.security.auth.Subject.doAs(Subject.java:490)
	at com.ibm.websphere.security.auth.WSSubject.doAs(WSSubject.java:133)
	at com.ibm.websphere.security.auth.WSSubject.doAs(WSSubject.java:91)
	at com.ibm.ws.asynchbeans.J2EEContext$DoAsProxy.run(J2EEContext.java:338)
	at java.security.AccessController.doPrivileged(AccessController.java:734)
	at com.ibm.ws.asynchbeans.J2EEContext.run(J2EEContext.java:806)
	at com.ibm.ws.asynchbeans.ExecutionContextImpl.go(ExecutionContextImpl.java:86)
	at com.ibm.ws.scheduler.AlarmListener.fireTask(AlarmListener.java:1416)
	at com.ibm.ws.scheduler.AlarmListener.fired(AlarmListener.java:1334)
	at com.ibm.ws.asynchbeans.AlarmImpl.callListenerMethod(AlarmImpl.java:427)
	at com.ibm.ws.asynchbeans.timer.GenericTimer.run(GenericTimer.java:229)
	at com.ibm.ws.asynchbeans.J2EEContext$RunProxy.run(J2EEContext.java:267)
	at java.security.AccessController.doPrivileged(AccessController.java:704)
	at javax.security.auth.Subject.doAs(Subject.java:490)
	at com.ibm.websphere.security.auth.WSSubject.doAs(WSSubject.java:133)
	at com.ibm.websphere.security.auth.WSSubject.doAs(WSSubject.java:91)
	at com.ibm.ws.asynchbeans.J2EEContext$DoAsProxy.run(J2EEContext.java:338)
	at java.security.AccessController.doPrivileged(AccessController.java:734)
	at com.ibm.ws.asynchbeans.J2EEContext.run(J2EEContext.java:1174)
	at com.ibm.ws.asynchbeans.AlarmImpl.runListenerAsCJWork(AlarmImpl.java:249)
	at com.ibm.ws.asynchbeans.am._Alarm.fireAlarm(_Alarm.java:340)
	at com.ibm.ws.asynchbeans.am._Alarm.run(_Alarm.java:237)
	at com.ibm.ws.util.ThreadPool$Worker.run(ThreadPool.java:1892)
[26 Dec 2025 12:40:07,585] - 

com.newgen.omni.wf.util.email.EMailException: java.lang.IllegalStateException: Not connected;
  nested exception is:
	java.lang.IllegalStateException: Not connected
	at com.newgen.omni.wf.util.email.MailClient.send(MailClient.java:237)
	at com.newgen.omni.wf.mailagent.Mailer.mail(Mailer.java:348)
	at com.newgen.omni.wf.mailagent.MailAgent.executeAfter(MailAgent.java:319)
	at com.newgen.omni.wf.util.app.ServiceFramework.executeBusinessLogic(ServiceFramework.java:138)
	at com.newgen.omni.jts.timer.WFTimerServiceBean.ejbTimeout(WFTimerServiceBean.java:109)
	at com.ibm.ejs.container.TimedObjectWrapper.invokeCallback(TimedObjectWrapper.java:125)
	at com.ibm.ejs.container.TimerTaskHandler.doWork(TimerTaskHandler.java:364)
	at com.ibm.ws.scheduler.AlarmListener.executeTaskWithNotification(AlarmListener.java:807)
	at com.ibm.ws.scheduler.AlarmListener.access$700(AlarmListener.java:124)
	at com.ibm.ws.scheduler.AlarmListener$TaskWork.doWork(AlarmListener.java:436)
	at com.ibm.ws.scheduler.AlarmListener$TaskWork.run(AlarmListener.java:222)
	at com.ibm.ws.asynchbeans.J2EEContext$RunProxy.run(J2EEContext.java:271)
	at java.security.AccessController.doPrivileged(AccessController.java:704)
	at javax.security.auth.Subject.doAs(Subject.java:490)
	at com.ibm.websphere.security.auth.WSSubject.doAs(WSSubject.java:133)
	at com.ibm.websphere.security.auth.WSSubject.doAs(WSSubject.java:91)
	at com.ibm.ws.asynchbeans.J2EEContext$DoAsProxy.run(J2EEContext.java:338)
	at java.security.AccessController.doPrivileged(AccessController.java:734)
	at com.ibm.ws.asynchbeans.J2EEContext.run(J2EEContext.java:806)
	at com.ibm.ws.asynchbeans.ExecutionContextImpl.go(ExecutionContextImpl.java:86)
	at com.ibm.ws.scheduler.AlarmListener.fireTask(AlarmListener.java:1416)
	at com.ibm.ws.scheduler.AlarmListener.fired(AlarmListener.java:1334)
	at com.ibm.ws.asynchbeans.AlarmImpl.callListenerMethod(AlarmImpl.java:427)
	at com.ibm.ws.asynchbeans.timer.GenericTimer.run(GenericTimer.java:229)
	at com.ibm.ws.asynchbeans.J2EEContext$RunProxy.run(J2EEContext.java:267)
	at java.security.AccessController.doPrivileged(AccessController.java:704)
	at javax.security.auth.Subject.doAs(Subject.java:490)
	at com.ibm.websphere.security.auth.WSSubject.doAs(WSSubject.java:133)
	at com.ibm.websphere.security.auth.WSSubject.doAs(WSSubject.java:91)
	at com.ibm.ws.asynchbeans.J2EEContext$DoAsProxy.run(J2EEContext.java:338)
	at java.security.AccessController.doPrivileged(AccessController.java:734)
	at com.ibm.ws.asynchbeans.J2EEContext.run(J2EEContext.java:1174)
	at com.ibm.ws.asynchbeans.AlarmImpl.runListenerAsCJWork(AlarmImpl.java:249)
	at com.ibm.ws.asynchbeans.am._Alarm.fireAlarm(_Alarm.java:340)
	at com.ibm.ws.asynchbeans.am._Alarm.run(_Alarm.java:237)
	at com.ibm.ws.util.ThreadPool$Worker.run(ThreadPool.java:1892)
Caused by: 
java.lang.IllegalStateException: Not connected
	at com.sun.mail.smtp.SMTPTransport.checkConnected(SMTPTransport.java:1817)
	at com.sun.mail.smtp.SMTPTransport.sendMessage(SMTPTransport.java:693)
	at com.newgen.omni.wf.util.email.MailClient.send(MailClient.java:231)
	... 35 more
[26 Dec 2025 12:40:07,726] - 
Error Code : -1505, Error description : Error in connecting with mail server using SMTP. Mailtaskid : 339834
[26 Dec 2025 12:40:07,726] - 
Error Code : -1505, Error description : Error in connecting with mail server using SMTP. Mailtaskid : 339834
[26 Dec 2025 12:43:07,750] - 
Error Code : -14014, Error description : Unknown error occurred during reporting mail status. Mailtaskid : 339834
[26 Dec 2025 12:43:10,781] - 
Trying with Main Mail Server hostname : 192.168.155.59, For MailTaskID : 339834, retrialCount : 2
[26 Dec 2025 12:43:10,781] - 

java.lang.IllegalStateException: Not connected
	at com.sun.mail.smtp.SMTPTransport.checkConnected(SMTPTransport.java:1817)
	at com.sun.mail.smtp.SMTPTransport.sendMessage(SMTPTransport.java:693)
	at com.newgen.omni.wf.util.email.MailClient.send(MailClient.java:231)
	at com.newgen.omni.wf.mailagent.Mailer.mail(Mailer.java:348)
	at com.newgen.omni.wf.mailagent.MailAgent.executeAfter(MailAgent.java:319)
	at com.newgen.omni.wf.util.app.ServiceFramework.executeBusinessLogic(ServiceFramework.java:138)
	at com.newgen.omni.jts.timer.WFTimerServiceBean.ejbTimeout(WFTimerServiceBean.java:109)
	at com.ibm.ejs.container.TimedObjectWrapper.invokeCallback(TimedObjectWrapper.java:125)
	at com.ibm.ejs.container.TimerTaskHandler.doWork(TimerTaskHandler.java:364)
	at com.ibm.ws.scheduler.AlarmListener.executeTaskWithNotification(AlarmListener.java:807)
	at com.ibm.ws.scheduler.AlarmListener.access$700(AlarmListener.java:124)
	at com.ibm.ws.scheduler.AlarmListener$TaskWork.doWork(AlarmListener.java:436)
	at com.ibm.ws.scheduler.AlarmListener$TaskWork.run(AlarmListener.java:222)
	at com.ibm.ws.asynchbeans.J2EEContext$RunProxy.run(J2EEContext.java:271)
	at java.security.AccessController.doPrivileged(AccessController.java:704)
	at javax.security.auth.Subject.doAs(Subject.java:490)
	at com.ibm.websphere.security.auth.WSSubject.doAs(WSSubject.java:133)
	at com.ibm.websphere.security.auth.WSSubject.doAs(WSSubject.java:91)
	at com.ibm.ws.asynchbeans.J2EEContext$DoAsProxy.run(J2EEContext.java:338)
	at java.security.AccessController.doPrivileged(AccessController.java:734)
	at com.ibm.ws.asynchbeans.J2EEContext.run(J2EEContext.java:806)
	at com.ibm.ws.asynchbeans.ExecutionContextImpl.go(ExecutionContextImpl.java:86)
	at com.ibm.ws.scheduler.AlarmListener.fireTask(AlarmListener.java:1416)
	at com.ibm.ws.scheduler.AlarmListener.fired(AlarmListener.java:1334)
	at com.ibm.ws.asynchbeans.AlarmImpl.callListenerMethod(AlarmImpl.java:427)
	at com.ibm.ws.asynchbeans.timer.GenericTimer.run(GenericTimer.java:229)
	at com.ibm.ws.asynchbeans.J2EEContext$RunProxy.run(J2EEContext.java:267)
	at java.security.AccessController.doPrivileged(AccessController.java:704)
	at javax.security.auth.Subject.doAs(Subject.java:490)
	at com.ibm.websphere.security.auth.WSSubject.doAs(WSSubject.java:133)
	at com.ibm.websphere.security.auth.WSSubject.doAs(WSSubject.java:91)
	at com.ibm.ws.asynchbeans.J2EEContext$DoAsProxy.run(J2EEContext.java:338)
	at java.security.AccessController.doPrivileged(AccessController.java:734)
	at com.ibm.ws.asynchbeans.J2EEContext.run(J2EEContext.java:1174)
	at com.ibm.ws.asynchbeans.AlarmImpl.runListenerAsCJWork(AlarmImpl.java:249)
	at com.ibm.ws.asynchbeans.am._Alarm.fireAlarm(_Alarm.java:340)
	at com.ibm.ws.asynchbeans.am._Alarm.run(_Alarm.java:237)
	at com.ibm.ws.util.ThreadPool$Worker.run(ThreadPool.java:1892)
[26 Dec 2025 12:43:10,781] - 

com.newgen.omni.wf.util.email.EMailException: java.lang.IllegalStateException: Not connected;
  nested exception is:
	java.lang.IllegalStateException: Not connected
	at com.newgen.omni.wf.util.email.MailClient.send(MailClient.java:237)
	at com.newgen.omni.wf.mailagent.Mailer.mail(Mailer.java:348)
	at com.newgen.omni.wf.mailagent.MailAgent.executeAfter(MailAgent.java:319)
	at com.newgen.omni.wf.util.app.ServiceFramework.executeBusinessLogic(ServiceFramework.java:138)
	at com.newgen.omni.jts.timer.WFTimerServiceBean.ejbTimeout(WFTimerServiceBean.java:109)
	at com.ibm.ejs.container.TimedObjectWrapper.invokeCallback(TimedObjectWrapper.java:125)
	at com.ibm.ejs.container.TimerTaskHandler.doWork(TimerTaskHandler.java:364)
	at com.ibm.ws.scheduler.AlarmListener.executeTaskWithNotification(AlarmListener.java:807)
	at com.ibm.ws.scheduler.AlarmListener.access$700(AlarmListener.java:124)
	at com.ibm.ws.scheduler.AlarmListener$TaskWork.doWork(AlarmListener.java:436)
	at com.ibm.ws.scheduler.AlarmListener$TaskWork.run(AlarmListener.java:222)
	at com.ibm.ws.asynchbeans.J2EEContext$RunProxy.run(J2EEContext.java:271)
	at java.security.AccessController.doPrivileged(AccessController.java:704)
	at javax.security.auth.Subject.doAs(Subject.java:490)
	at com.ibm.websphere.security.auth.WSSubject.doAs(WSSubject.java:133)
	at com.ibm.websphere.security.auth.WSSubject.doAs(WSSubject.java:91)
	at com.ibm.ws.asynchbeans.J2EEContext$DoAsProxy.run(J2EEContext.java:338)
	at java.security.AccessController.doPrivileged(AccessController.java:734)
	at com.ibm.ws.asynchbeans.J2EEContext.run(J2EEContext.java:806)
	at com.ibm.ws.asynchbeans.ExecutionContextImpl.go(ExecutionContextImpl.java:86)
	at com.ibm.ws.scheduler.AlarmListener.fireTask(AlarmListener.java:1416)
	at com.ibm.ws.scheduler.AlarmListener.fired(AlarmListener.java:1334)
	at com.ibm.ws.asynchbeans.AlarmImpl.callListenerMethod(AlarmImpl.java:427)
	at com.ibm.ws.asynchbeans.timer.GenericTimer.run(GenericTimer.java:229)
	at com.ibm.ws.asynchbeans.J2EEContext$RunProxy.run(J2EEContext.java:267)
	at java.security.AccessController.doPrivileged(AccessController.java:704)
	at javax.security.auth.Subject.doAs(Subject.java:490)
	at com.ibm.websphere.security.auth.WSSubject.doAs(WSSubject.java:133)
	at com.ibm.websphere.security.auth.WSSubject.doAs(WSSubject.java:91)
	at com.ibm.ws.asynchbeans.J2EEContext$DoAsProxy.run(J2EEContext.java:338)
	at java.security.AccessController.doPrivileged(AccessController.java:734)
	at com.ibm.ws.asynchbeans.J2EEContext.run(J2EEContext.java:1174)
	at com.ibm.ws.asynchbeans.AlarmImpl.runListenerAsCJWork(AlarmImpl.java:249)
	at com.ibm.ws.asynchbeans.am._Alarm.fireAlarm(_Alarm.java:340)
	at com.ibm.ws.asynchbeans.am._Alarm.run(_Alarm.java:237)
	at com.ibm.ws.util.ThreadPool$Worker.run(ThreadPool.java:1892)
Caused by: 
java.lang.IllegalStateException: Not connected
	at com.sun.mail.smtp.SMTPTransport.checkConnected(SMTPTransport.java:1817)
	at com.sun.mail.smtp.SMTPTransport.sendMessage(SMTPTransport.java:693)
	at com.newgen.omni.wf.util.email.MailClient.send(MailClient.java:231)
	... 35 more
[26 Dec 2025 12:43:10,937] - 
Error Code : -1505, Error description : Error in connecting with mail server using SMTP. Mailtaskid : 339834
[26 Dec 2025 12:43:10,937] - 
Error Code : -1505, Error description : Error in connecting with mail server using SMTP. Mailtaskid : 339834
[26 Dec 2025 12:46:10,954] - 
Error Code : -14014, Error description : Unknown error occurred during reporting mail status. Mailtaskid : 339834
[26 Dec 2025 12:46:13,985] - 
Trying with Main Mail Server hostname : 192.168.155.59, For MailTaskID : 339834, retrialCount : 3
[26 Dec 2025 12:46:13,985] - 

java.lang.IllegalStateException: Not connected
	at com.sun.mail.smtp.SMTPTransport.checkConnected(SMTPTransport.java:1817)
	at com.sun.mail.smtp.SMTPTransport.sendMessage(SMTPTransport.java:693)
	at com.newgen.omni.wf.util.email.MailClient.send(MailClient.java:231)
	at com.newgen.omni.wf.mailagent.Mailer.mail(Mailer.java:348)
	at com.newgen.omni.wf.mailagent.MailAgent.executeAfter(MailAgent.java:319)
	at com.newgen.omni.wf.util.app.ServiceFramework.executeBusinessLogic(ServiceFramework.java:138)
	at com.newgen.omni.jts.timer.WFTimerServiceBean.ejbTimeout(WFTimerServiceBean.java:109)
	at com.ibm.ejs.container.TimedObjectWrapper.invokeCallback(TimedObjectWrapper.java:125)
	at com.ibm.ejs.container.TimerTaskHandler.doWork(TimerTaskHandler.java:364)
	at com.ibm.ws.scheduler.AlarmListener.executeTaskWithNotification(AlarmListener.java:807)
	at com.ibm.ws.scheduler.AlarmListener.access$700(AlarmListener.java:124)
	at com.ibm.ws.scheduler.AlarmListener$TaskWork.doWork(AlarmListener.java:436)
	at com.ibm.ws.scheduler.AlarmListener$TaskWork.run(AlarmListener.java:222)
	at com.ibm.ws.asynchbeans.J2EEContext$RunProxy.run(J2EEContext.java:271)
	at java.security.AccessController.doPrivileged(AccessController.java:704)
	at javax.security.auth.Subject.doAs(Subject.java:490)
	at com.ibm.websphere.security.auth.WSSubject.doAs(WSSubject.java:133)
	at com.ibm.websphere.security.auth.WSSubject.doAs(WSSubject.java:91)
	at com.ibm.ws.asynchbeans.J2EEContext$DoAsProxy.run(J2EEContext.java:338)
	at java.security.AccessController.doPrivileged(AccessController.java:734)
	at com.ibm.ws.asynchbeans.J2EEContext.run(J2EEContext.java:806)
	at com.ibm.ws.asynchbeans.ExecutionContextImpl.go(ExecutionContextImpl.java:86)
	at com.ibm.ws.scheduler.AlarmListener.fireTask(AlarmListener.java:1416)
	at com.ibm.ws.scheduler.AlarmListener.fired(AlarmListener.java:1334)
	at com.ibm.ws.asynchbeans.AlarmImpl.callListenerMethod(AlarmImpl.java:427)
	at com.ibm.ws.asynchbeans.timer.GenericTimer.run(GenericTimer.java:229)
	at com.ibm.ws.asynchbeans.J2EEContext$RunProxy.run(J2EEContext.java:267)
	at java.security.AccessController.doPrivileged(AccessController.java:704)
	at javax.security.auth.Subject.doAs(Subject.java:490)
	at com.ibm.websphere.security.auth.WSSubject.doAs(WSSubject.java:133)
	at com.ibm.websphere.security.auth.WSSubject.doAs(WSSubject.java:91)
	at com.ibm.ws.asynchbeans.J2EEContext$DoAsProxy.run(J2EEContext.java:338)
	at java.security.AccessController.doPrivileged(AccessController.java:734)
	at com.ibm.ws.asynchbeans.J2EEContext.run(J2EEContext.java:1174)
	at com.ibm.ws.asynchbeans.AlarmImpl.runListenerAsCJWork(AlarmImpl.java:249)
	at com.ibm.ws.asynchbeans.am._Alarm.fireAlarm(_Alarm.java:340)
	at com.ibm.ws.asynchbeans.am._Alarm.run(_Alarm.java:237)
	at com.ibm.ws.util.ThreadPool$Worker.run(ThreadPool.java:1892)
[26 Dec 2025 12:46:13,985] - 

com.newgen.omni.wf.util.email.EMailException: java.lang.IllegalStateException: Not connected;
  nested exception is:
	java.lang.IllegalStateException: Not connected
	at com.newgen.omni.wf.util.email.MailClient.send(MailClient.java:237)
	at com.newgen.omni.wf.mailagent.Mailer.mail(Mailer.java:348)
	at com.newgen.omni.wf.mailagent.MailAgent.executeAfter(MailAgent.java:319)
	at com.newgen.omni.wf.util.app.ServiceFramework.executeBusinessLogic(ServiceFramework.java:138)
	at com.newgen.omni.jts.timer.WFTimerServiceBean.ejbTimeout(WFTimerServiceBean.java:109)
	at com.ibm.ejs.container.TimedObjectWrapper.invokeCallback(TimedObjectWrapper.java:125)
	at com.ibm.ejs.container.TimerTaskHandler.doWork(TimerTaskHandler.java:364)
	at com.ibm.ws.scheduler.AlarmListener.executeTaskWithNotification(AlarmListener.java:807)
	at com.ibm.ws.scheduler.AlarmListener.access$700(AlarmListener.java:124)
	at com.ibm.ws.scheduler.AlarmListener$TaskWork.doWork(AlarmListener.java:436)
	at com.ibm.ws.scheduler.AlarmListener$TaskWork.run(AlarmListener.java:222)
	at com.ibm.ws.asynchbeans.J2EEContext$RunProxy.run(J2EEContext.java:271)
	at java.security.AccessController.doPrivileged(AccessController.java:704)
	at javax.security.auth.Subject.doAs(Subject.java:490)
	at com.ibm.websphere.security.auth.WSSubject.doAs(WSSubject.java:133)
	at com.ibm.websphere.security.auth.WSSubject.doAs(WSSubject.java:91)
	at com.ibm.ws.asynchbeans.J2EEContext$DoAsProxy.run(J2EEContext.java:338)
	at java.security.AccessController.doPrivileged(AccessController.java:734)
	at com.ibm.ws.asynchbeans.J2EEContext.run(J2EEContext.java:806)
	at com.ibm.ws.asynchbeans.ExecutionContextImpl.go(ExecutionContextImpl.java:86)
	at com.ibm.ws.scheduler.AlarmListener.fireTask(AlarmListener.java:1416)
	at com.ibm.ws.scheduler.AlarmListener.fired(AlarmListener.java:1334)
	at com.ibm.ws.asynchbeans.AlarmImpl.callListenerMethod(AlarmImpl.java:427)
	at com.ibm.ws.asynchbeans.timer.GenericTimer.run(GenericTimer.java:229)
	at com.ibm.ws.asynchbeans.J2EEContext$RunProxy.run(J2EEContext.java:267)
	at java.security.AccessController.doPrivileged(AccessController.java:704)
	at javax.security.auth.Subject.doAs(Subject.java:490)
	at com.ibm.websphere.security.auth.WSSubject.doAs(WSSubject.java:133)
	at com.ibm.websphere.security.auth.WSSubject.doAs(WSSubject.java:91)
	at com.ibm.ws.asynchbeans.J2EEContext$DoAsProxy.run(J2EEContext.java:338)
	at java.security.AccessController.doPrivileged(AccessController.java:734)
	at com.ibm.ws.asynchbeans.J2EEContext.run(J2EEContext.java:1174)
	at com.ibm.ws.asynchbeans.AlarmImpl.runListenerAsCJWork(AlarmImpl.java:249)
	at com.ibm.ws.asynchbeans.am._Alarm.fireAlarm(_Alarm.java:340)
	at com.ibm.ws.asynchbeans.am._Alarm.run(_Alarm.java:237)
	at com.ibm.ws.util.ThreadPool$Worker.run(ThreadPool.java:1892)
Caused by: 
java.lang.IllegalStateException: Not connected
	at com.sun.mail.smtp.SMTPTransport.checkConnected(SMTPTransport.java:1817)
	at com.sun.mail.smtp.SMTPTransport.sendMessage(SMTPTransport.java:693)
	at com.newgen.omni.wf.util.email.MailClient.send(MailClient.java:231)
	... 35 more
[26 Dec 2025 12:46:14,143] - 
Error Code : -1505, Error description : Error in connecting with mail server using SMTP. Mailtaskid : 339834
[26 Dec 2025 12:46:14,143] - 
Error Code : -1505, Error description : Error in connecting with mail server using SMTP. Mailtaskid : 339834
[26 Dec 2025 12:49:14,169] - 
Error Code : -14014, Error description : Unknown error occurred during reporting mail status. Mailtaskid : 339834
[26 Dec 2025 12:49:17,201] - 
Trying with Main Mail Server hostname : 192.168.155.59, For MailTaskID : 339834, retrialCount : 4
[26 Dec 2025 12:49:17,216] - 

java.lang.IllegalStateException: Not connected
	at com.sun.mail.smtp.SMTPTransport.checkConnected(SMTPTransport.java:1817)
	at com.sun.mail.smtp.SMTPTransport.sendMessage(SMTPTransport.java:693)
	at com.newgen.omni.wf.util.email.MailClient.send(MailClient.java:231)
	at com.newgen.omni.wf.mailagent.Mailer.mail(Mailer.java:348)
	at com.newgen.omni.wf.mailagent.MailAgent.executeAfter(MailAgent.java:319)
	at com.newgen.omni.wf.util.app.ServiceFramework.executeBusinessLogic(ServiceFramework.java:138)
	at com.newgen.omni.jts.timer.WFTimerServiceBean.ejbTimeout(WFTimerServiceBean.java:109)
	at com.ibm.ejs.container.TimedObjectWrapper.invokeCallback(TimedObjectWrapper.java:125)
	at com.ibm.ejs.container.TimerTaskHandler.doWork(TimerTaskHandler.java:364)
	at com.ibm.ws.scheduler.AlarmListener.executeTaskWithNotification(AlarmListener.java:807)
	at com.ibm.ws.scheduler.AlarmListener.access$700(AlarmListener.java:124)
	at com.ibm.ws.scheduler.AlarmListener$TaskWork.doWork(AlarmListener.java:436)
	at com.ibm.ws.scheduler.AlarmListener$TaskWork.run(AlarmListener.java:222)
	at com.ibm.ws.asynchbeans.J2EEContext$RunProxy.run(J2EEContext.java:271)
	at java.security.AccessController.doPrivileged(AccessController.java:704)
	at javax.security.auth.Subject.doAs(Subject.java:490)
	at com.ibm.websphere.security.auth.WSSubject.doAs(WSSubject.java:133)
	at com.ibm.websphere.security.auth.WSSubject.doAs(WSSubject.java:91)
	at com.ibm.ws.asynchbeans.J2EEContext$DoAsProxy.run(J2EEContext.java:338)
	at java.security.AccessController.doPrivileged(AccessController.java:734)
	at com.ibm.ws.asynchbeans.J2EEContext.run(J2EEContext.java:806)
	at com.ibm.ws.asynchbeans.ExecutionContextImpl.go(ExecutionContextImpl.java:86)
	at com.ibm.ws.scheduler.AlarmListener.fireTask(AlarmListener.java:1416)
	at com.ibm.ws.scheduler.AlarmListener.fired(AlarmListener.java:1334)
	at com.ibm.ws.asynchbeans.AlarmImpl.callListenerMethod(AlarmImpl.java:427)
	at com.ibm.ws.asynchbeans.timer.GenericTimer.run(GenericTimer.java:229)
	at com.ibm.ws.asynchbeans.J2EEContext$RunProxy.run(J2EEContext.java:267)
	at java.security.AccessController.doPrivileged(AccessController.java:704)
	at javax.security.auth.Subject.doAs(Subject.java:490)
	at com.ibm.websphere.security.auth.WSSubject.doAs(WSSubject.java:133)
	at com.ibm.websphere.security.auth.WSSubject.doAs(WSSubject.java:91)
	at com.ibm.ws.asynchbeans.J2EEContext$DoAsProxy.run(J2EEContext.java:338)
	at java.security.AccessController.doPrivileged(AccessController.java:734)
	at com.ibm.ws.asynchbeans.J2EEContext.run(J2EEContext.java:1174)
	at com.ibm.ws.asynchbeans.AlarmImpl.runListenerAsCJWork(AlarmImpl.java:249)
	at com.ibm.ws.asynchbeans.am._Alarm.fireAlarm(_Alarm.java:340)
	at com.ibm.ws.asynchbeans.am._Alarm.run(_Alarm.java:237)
	at com.ibm.ws.util.ThreadPool$Worker.run(ThreadPool.java:1892)
[26 Dec 2025 12:49:17,216] - 

com.newgen.omni.wf.util.email.EMailException: java.lang.IllegalStateException: Not connected;
  nested exception is:
	java.lang.IllegalStateException: Not connected
	at com.newgen.omni.wf.util.email.MailClient.send(MailClient.java:237)
	at com.newgen.omni.wf.mailagent.Mailer.mail(Mailer.java:348)
	at com.newgen.omni.wf.mailagent.MailAgent.executeAfter(MailAgent.java:319)
	at com.newgen.omni.wf.util.app.ServiceFramework.executeBusinessLogic(ServiceFramework.java:138)
	at com.newgen.omni.jts.timer.WFTimerServiceBean.ejbTimeout(WFTimerServiceBean.java:109)
	at com.ibm.ejs.container.TimedObjectWrapper.invokeCallback(TimedObjectWrapper.java:125)
	at com.ibm.ejs.container.TimerTaskHandler.doWork(TimerTaskHandler.java:364)
	at com.ibm.ws.scheduler.AlarmListener.executeTaskWithNotification(AlarmListener.java:807)
	at com.ibm.ws.scheduler.AlarmListener.access$700(AlarmListener.java:124)
	at com.ibm.ws.scheduler.AlarmListener$TaskWork.doWork(AlarmListener.java:436)
	at com.ibm.ws.scheduler.AlarmListener$TaskWork.run(AlarmListener.java:222)
	at com.ibm.ws.asynchbeans.J2EEContext$RunProxy.run(J2EEContext.java:271)
	at java.security.AccessController.doPrivileged(AccessController.java:704)
	at javax.security.auth.Subject.doAs(Subject.java:490)
	at com.ibm.websphere.security.auth.WSSubject.doAs(WSSubject.java:133)
	at com.ibm.websphere.security.auth.WSSubject.doAs(WSSubject.java:91)
	at com.ibm.ws.asynchbeans.J2EEContext$DoAsProxy.run(J2EEContext.java:338)
	at java.security.AccessController.doPrivileged(AccessController.java:734)
	at com.ibm.ws.asynchbeans.J2EEContext.run(J2EEContext.java:806)
	at com.ibm.ws.asynchbeans.ExecutionContextImpl.go(ExecutionContextImpl.java:86)
	at com.ibm.ws.scheduler.AlarmListener.fireTask(AlarmListener.java:1416)
	at com.ibm.ws.scheduler.AlarmListener.fired(AlarmListener.java:1334)
	at com.ibm.ws.asynchbeans.AlarmImpl.callListenerMethod(AlarmImpl.java:427)
	at com.ibm.ws.asynchbeans.timer.GenericTimer.run(GenericTimer.java:229)
	at com.ibm.ws.asynchbeans.J2EEContext$RunProxy.run(J2EEContext.java:267)
	at java.security.AccessController.doPrivileged(AccessController.java:704)
	at javax.security.auth.Subject.doAs(Subject.java:490)
	at com.ibm.websphere.security.auth.WSSubject.doAs(WSSubject.java:133)
	at com.ibm.websphere.security.auth.WSSubject.doAs(WSSubject.java:91)
	at com.ibm.ws.asynchbeans.J2EEContext$DoAsProxy.run(J2EEContext.java:338)
	at java.security.AccessController.doPrivileged(AccessController.java:734)
	at com.ibm.ws.asynchbeans.J2EEContext.run(J2EEContext.java:1174)
	at com.ibm.ws.asynchbeans.AlarmImpl.runListenerAsCJWork(AlarmImpl.java:249)
	at com.ibm.ws.asynchbeans.am._Alarm.fireAlarm(_Alarm.java:340)
	at com.ibm.ws.asynchbeans.am._Alarm.run(_Alarm.java:237)
	at com.ibm.ws.util.ThreadPool$Worker.run(ThreadPool.java:1892)
Caused by: 
java.lang.IllegalStateException: Not connected
	at com.sun.mail.smtp.SMTPTransport.checkConnected(SMTPTransport.java:1817)
	at com.sun.mail.smtp.SMTPTransport.sendMessage(SMTPTransport.java:693)
	at com.newgen.omni.wf.util.email.MailClient.send(MailClient.java:231)
	... 35 more
[26 Dec 2025 12:49:17,341] - 
Error Code : -1505, Error description : Error in connecting with mail server using SMTP. Mailtaskid : 339834
[26 Dec 2025 12:49:17,341] - 
Error Code : -1505, Error description : Error in connecting with mail server using SMTP. Mailtaskid : 339834
[26 Dec 2025 12:52:17,366] - 
Error Code : -14014, Error description : Unknown error occurred during reporting mail status. Mailtaskid : 339834
[26 Dec 2025 12:52:20,413] - 
Trying with Main Mail Server hostname : 192.168.155.59, For MailTaskID : 339832, retrialCount : 3
[26 Dec 2025 12:52:20,428] - 

java.lang.IllegalStateException: Not connected
	at com.sun.mail.smtp.SMTPTransport.checkConnected(SMTPTransport.java:1817)
	at com.sun.mail.smtp.SMTPTransport.sendMessage(SMTPTransport.java:693)
	at com.newgen.omni.wf.util.email.MailClient.send(MailClient.java:231)
	at com.newgen.omni.wf.mailagent.Mailer.mail(Mailer.java:348)
	at com.newgen.omni.wf.mailagent.MailAgent.executeAfter(MailAgent.java:319)
	at com.newgen.omni.wf.util.app.ServiceFramework.executeBusinessLogic(ServiceFramework.java:138)
	at com.newgen.omni.jts.timer.WFTimerServiceBean.ejbTimeout(WFTimerServiceBean.java:109)
	at com.ibm.ejs.container.TimedObjectWrapper.invokeCallback(TimedObjectWrapper.java:125)
	at com.ibm.ejs.container.TimerTaskHandler.doWork(TimerTaskHandler.java:364)
	at com.ibm.ws.scheduler.AlarmListener.executeTaskWithNotification(AlarmListener.java:807)
	at com.ibm.ws.scheduler.AlarmListener.access$700(AlarmListener.java:124)
	at com.ibm.ws.scheduler.AlarmListener$TaskWork.doWork(AlarmListener.java:436)
	at com.ibm.ws.scheduler.AlarmListener$TaskWork.run(AlarmListener.java:222)
	at com.ibm.ws.asynchbeans.J2EEContext$RunProxy.run(J2EEContext.java:271)
	at java.security.AccessController.doPrivileged(AccessController.java:704)
	at javax.security.auth.Subject.doAs(Subject.java:490)
	at com.ibm.websphere.security.auth.WSSubject.doAs(WSSubject.java:133)
	at com.ibm.websphere.security.auth.WSSubject.doAs(WSSubject.java:91)
	at com.ibm.ws.asynchbeans.J2EEContext$DoAsProxy.run(J2EEContext.java:338)
	at java.security.AccessController.doPrivileged(AccessController.java:734)
	at com.ibm.ws.asynchbeans.J2EEContext.run(J2EEContext.java:806)
	at com.ibm.ws.asynchbeans.ExecutionContextImpl.go(ExecutionContextImpl.java:86)
	at com.ibm.ws.scheduler.AlarmListener.fireTask(AlarmListener.java:1416)
	at com.ibm.ws.scheduler.AlarmListener.fired(AlarmListener.java:1334)
	at com.ibm.ws.asynchbeans.AlarmImpl.callListenerMethod(AlarmImpl.java:427)
	at com.ibm.ws.asynchbeans.timer.GenericTimer.run(GenericTimer.java:229)
	at com.ibm.ws.asynchbeans.J2EEContext$RunProxy.run(J2EEContext.java:267)
	at java.security.AccessController.doPrivileged(AccessController.java:704)
	at javax.security.auth.Subject.doAs(Subject.java:490)
	at com.ibm.websphere.security.auth.WSSubject.doAs(WSSubject.java:133)
	at com.ibm.websphere.security.auth.WSSubject.doAs(WSSubject.java:91)
	at com.ibm.ws.asynchbeans.J2EEContext$DoAsProxy.run(J2EEContext.java:338)
	at java.security.AccessController.doPrivileged(AccessController.java:734)
	at com.ibm.ws.asynchbeans.J2EEContext.run(J2EEContext.java:1174)
	at com.ibm.ws.asynchbeans.AlarmImpl.runListenerAsCJWork(AlarmImpl.java:249)
	at com.ibm.ws.asynchbeans.am._Alarm.fireAlarm(_Alarm.java:340)
	at com.ibm.ws.asynchbeans.am._Alarm.run(_Alarm.java:237)
	at com.ibm.ws.util.ThreadPool$Worker.run(ThreadPool.java:1892)
[26 Dec 2025 12:52:20,428] - 

com.newgen.omni.wf.util.email.EMailException: java.lang.IllegalStateException: Not connected;
  nested exception is:
	java.lang.IllegalStateException: Not connected
	at com.newgen.omni.wf.util.email.MailClient.send(MailClient.java:237)
	at com.newgen.omni.wf.mailagent.Mailer.mail(Mailer.java:348)
	at com.newgen.omni.wf.mailagent.MailAgent.executeAfter(MailAgent.java:319)
	at com.newgen.omni.wf.util.app.ServiceFramework.executeBusinessLogic(ServiceFramework.java:138)
	at com.newgen.omni.jts.timer.WFTimerServiceBean.ejbTimeout(WFTimerServiceBean.java:109)
	at com.ibm.ejs.container.TimedObjectWrapper.invokeCallback(TimedObjectWrapper.java:125)
	at com.ibm.ejs.container.TimerTaskHandler.doWork(TimerTaskHandler.java:364)
	at com.ibm.ws.scheduler.AlarmListener.executeTaskWithNotification(AlarmListener.java:807)
	at com.ibm.ws.scheduler.AlarmListener.access$700(AlarmListener.java:124)
	at com.ibm.ws.scheduler.AlarmListener$TaskWork.doWork(AlarmListener.java:436)
	at com.ibm.ws.scheduler.AlarmListener$TaskWork.run(AlarmListener.java:222)
	at com.ibm.ws.asynchbeans.J2EEContext$RunProxy.run(J2EEContext.java:271)
	at java.security.AccessController.doPrivileged(AccessController.java:704)
	at javax.security.auth.Subject.doAs(Subject.java:490)
	at com.ibm.websphere.security.auth.WSSubject.doAs(WSSubject.java:133)
	at com.ibm.websphere.security.auth.WSSubject.doAs(WSSubject.java:91)
	at com.ibm.ws.asynchbeans.J2EEContext$DoAsProxy.run(J2EEContext.java:338)
	at java.security.AccessController.doPrivileged(AccessController.java:734)
	at com.ibm.ws.asynchbeans.J2EEContext.run(J2EEContext.java:806)
	at com.ibm.ws.asynchbeans.ExecutionContextImpl.go(ExecutionContextImpl.java:86)
	at com.ibm.ws.scheduler.AlarmListener.fireTask(AlarmListener.java:1416)
	at com.ibm.ws.scheduler.AlarmListener.fired(AlarmListener.java:1334)
	at com.ibm.ws.asynchbeans.AlarmImpl.callListenerMethod(AlarmImpl.java:427)
	at com.ibm.ws.asynchbeans.timer.GenericTimer.run(GenericTimer.java:229)
	at com.ibm.ws.asynchbeans.J2EEContext$RunProxy.run(J2EEContext.java:267)
	at java.security.AccessController.doPrivileged(AccessController.java:704)
	at javax.security.auth.Subject.doAs(Subject.java:490)
	at com.ibm.websphere.security.auth.WSSubject.doAs(WSSubject.java:133)
	at com.ibm.websphere.security.auth.WSSubject.doAs(WSSubject.java:91)
	at com.ibm.ws.asynchbeans.J2EEContext$DoAsProxy.run(J2EEContext.java:338)
	at java.security.AccessController.doPrivileged(AccessController.java:734)
	at com.ibm.ws.asynchbeans.J2EEContext.run(J2EEContext.java:1174)
	at com.ibm.ws.asynchbeans.AlarmImpl.runListenerAsCJWork(AlarmImpl.java:249)
	at com.ibm.ws.asynchbeans.am._Alarm.fireAlarm(_Alarm.java:340)
	at com.ibm.ws.asynchbeans.am._Alarm.run(_Alarm.java:237)
	at com.ibm.ws.util.ThreadPool$Worker.run(ThreadPool.java:1892)
Caused by: 
java.lang.IllegalStateException: Not connected
	at com.sun.mail.smtp.SMTPTransport.checkConnected(SMTPTransport.java:1817)
	at com.sun.mail.smtp.SMTPTransport.sendMessage(SMTPTransport.java:693)
	at com.newgen.omni.wf.util.email.MailClient.send(MailClient.java:231)
	... 35 more
[26 Dec 2025 12:52:20,585] - 
Error Code : -1505, Error description : Error in connecting with mail server using SMTP. Mailtaskid : 339832
[26 Dec 2025 12:52:20,585] - 
Error Code : -1505, Error description : Error in connecting with mail server using SMTP. Mailtaskid : 339832
[26 Dec 2025 12:55:20,594] - 
Error Code : -14014, Error description : Unknown error occurred during reporting mail status. Mailtaskid : 339832
[26 Dec 2025 12:55:23,626] - 
Trying with Main Mail Server hostname : 192.168.155.59, For MailTaskID : 339832, retrialCount : 4
[26 Dec 2025 12:55:23,626] - 

java.lang.IllegalStateException: Not connected
	at com.sun.mail.smtp.SMTPTransport.checkConnected(SMTPTransport.java:1817)
	at com.sun.mail.smtp.SMTPTransport.sendMessage(SMTPTransport.java:693)
	at com.newgen.omni.wf.util.email.MailClient.send(MailClient.java:231)
	at com.newgen.omni.wf.mailagent.Mailer.mail(Mailer.java:348)
	at com.newgen.omni.wf.mailagent.MailAgent.executeAfter(MailAgent.java:319)
	at com.newgen.omni.wf.util.app.ServiceFramework.executeBusinessLogic(ServiceFramework.java:138)
	at com.newgen.omni.jts.timer.WFTimerServiceBean.ejbTimeout(WFTimerServiceBean.java:109)
	at com.ibm.ejs.container.TimedObjectWrapper.invokeCallback(TimedObjectWrapper.java:125)
	at com.ibm.ejs.container.TimerTaskHandler.doWork(TimerTaskHandler.java:364)
	at com.ibm.ws.scheduler.AlarmListener.executeTaskWithNotification(AlarmListener.java:807)
	at com.ibm.ws.scheduler.AlarmListener.access$700(AlarmListener.java:124)
	at com.ibm.ws.scheduler.AlarmListener$TaskWork.doWork(AlarmListener.java:436)
	at com.ibm.ws.scheduler.AlarmListener$TaskWork.run(AlarmListener.java:222)
	at com.ibm.ws.asynchbeans.J2EEContext$RunProxy.run(J2EEContext.java:271)
	at java.security.AccessController.doPrivileged(AccessController.java:704)
	at javax.security.auth.Subject.doAs(Subject.java:490)
	at com.ibm.websphere.security.auth.WSSubject.doAs(WSSubject.java:133)
	at com.ibm.websphere.security.auth.WSSubject.doAs(WSSubject.java:91)
	at com.ibm.ws.asynchbeans.J2EEContext$DoAsProxy.run(J2EEContext.java:338)
	at java.security.AccessController.doPrivileged(AccessController.java:734)
	at com.ibm.ws.asynchbeans.J2EEContext.run(J2EEContext.java:806)
	at com.ibm.ws.asynchbeans.ExecutionContextImpl.go(ExecutionContextImpl.java:86)
	at com.ibm.ws.scheduler.AlarmListener.fireTask(AlarmListener.java:1416)
	at com.ibm.ws.scheduler.AlarmListener.fired(AlarmListener.java:1334)
	at com.ibm.ws.asynchbeans.AlarmImpl.callListenerMethod(AlarmImpl.java:427)
	at com.ibm.ws.asynchbeans.timer.GenericTimer.run(GenericTimer.java:229)
	at com.ibm.ws.asynchbeans.J2EEContext$RunProxy.run(J2EEContext.java:267)
	at java.security.AccessController.doPrivileged(AccessController.java:704)
	at javax.security.auth.Subject.doAs(Subject.java:490)
	at com.ibm.websphere.security.auth.WSSubject.doAs(WSSubject.java:133)
	at com.ibm.websphere.security.auth.WSSubject.doAs(WSSubject.java:91)
	at com.ibm.ws.asynchbeans.J2EEContext$DoAsProxy.run(J2EEContext.java:338)
	at java.security.AccessController.doPrivileged(AccessController.java:734)
	at com.ibm.ws.asynchbeans.J2EEContext.run(J2EEContext.java:1174)
	at com.ibm.ws.asynchbeans.AlarmImpl.runListenerAsCJWork(AlarmImpl.java:249)
	at com.ibm.ws.asynchbeans.am._Alarm.fireAlarm(_Alarm.java:340)
	at com.ibm.ws.asynchbeans.am._Alarm.run(_Alarm.java:237)
	at com.ibm.ws.util.ThreadPool$Worker.run(ThreadPool.java:1892)
[26 Dec 2025 12:55:23,626] - 

com.newgen.omni.wf.util.email.EMailException: java.lang.IllegalStateException: Not connected;
  nested exception is:
	java.lang.IllegalStateException: Not connected
	at com.newgen.omni.wf.util.email.MailClient.send(MailClient.java:237)
	at com.newgen.omni.wf.mailagent.Mailer.mail(Mailer.java:348)
	at com.newgen.omni.wf.mailagent.MailAgent.executeAfter(MailAgent.java:319)
	at com.newgen.omni.wf.util.app.ServiceFramework.executeBusinessLogic(ServiceFramework.java:138)
	at com.newgen.omni.jts.timer.WFTimerServiceBean.ejbTimeout(WFTimerServiceBean.java:109)
	at com.ibm.ejs.container.TimedObjectWrapper.invokeCallback(TimedObjectWrapper.java:125)
	at com.ibm.ejs.container.TimerTaskHandler.doWork(TimerTaskHandler.java:364)
	at com.ibm.ws.scheduler.AlarmListener.executeTaskWithNotification(AlarmListener.java:807)
	at com.ibm.ws.scheduler.AlarmListener.access$700(AlarmListener.java:124)
	at com.ibm.ws.scheduler.AlarmListener$TaskWork.doWork(AlarmListener.java:436)
	at com.ibm.ws.scheduler.AlarmListener$TaskWork.run(AlarmListener.java:222)
	at com.ibm.ws.asynchbeans.J2EEContext$RunProxy.run(J2EEContext.java:271)
	at java.security.AccessController.doPrivileged(AccessController.java:704)
	at javax.security.auth.Subject.doAs(Subject.java:490)
	at com.ibm.websphere.security.auth.WSSubject.doAs(WSSubject.java:133)
	at com.ibm.websphere.security.auth.WSSubject.doAs(WSSubject.java:91)
	at com.ibm.ws.asynchbeans.J2EEContext$DoAsProxy.run(J2EEContext.java:338)
	at java.security.AccessController.doPrivileged(AccessController.java:734)
	at com.ibm.ws.asynchbeans.J2EEContext.run(J2EEContext.java:806)
	at com.ibm.ws.asynchbeans.ExecutionContextImpl.go(ExecutionContextImpl.java:86)
	at com.ibm.ws.scheduler.AlarmListener.fireTask(AlarmListener.java:1416)
	at com.ibm.ws.scheduler.AlarmListener.fired(AlarmListener.java:1334)
	at com.ibm.ws.asynchbeans.AlarmImpl.callListenerMethod(AlarmImpl.java:427)
	at com.ibm.ws.asynchbeans.timer.GenericTimer.run(GenericTimer.java:229)
	at com.ibm.ws.asynchbeans.J2EEContext$RunProxy.run(J2EEContext.java:267)
	at java.security.AccessController.doPrivileged(AccessController.java:704)
	at javax.security.auth.Subject.doAs(Subject.java:490)
	at com.ibm.websphere.security.auth.WSSubject.doAs(WSSubject.java:133)
	at com.ibm.websphere.security.auth.WSSubject.doAs(WSSubject.java:91)
	at com.ibm.ws.asynchbeans.J2EEContext$DoAsProxy.run(J2EEContext.java:338)
	at java.security.AccessController.doPrivileged(AccessController.java:734)
	at com.ibm.ws.asynchbeans.J2EEContext.run(J2EEContext.java:1174)
	at com.ibm.ws.asynchbeans.AlarmImpl.runListenerAsCJWork(AlarmImpl.java:249)
	at com.ibm.ws.asynchbeans.am._Alarm.fireAlarm(_Alarm.java:340)
	at com.ibm.ws.asynchbeans.am._Alarm.run(_Alarm.java:237)
	at com.ibm.ws.util.ThreadPool$Worker.run(ThreadPool.java:1892)
Caused by: 
java.lang.IllegalStateException: Not connected
	at com.sun.mail.smtp.SMTPTransport.checkConnected(SMTPTransport.java:1817)
	at com.sun.mail.smtp.SMTPTransport.sendMessage(SMTPTransport.java:693)
	at com.newgen.omni.wf.util.email.MailClient.send(MailClient.java:231)
	... 35 more
[26 Dec 2025 12:55:23,766] - 
Error Code : -1505, Error description : Error in connecting with mail server using SMTP. Mailtaskid : 339832
[26 Dec 2025 12:55:23,766] - 
Error Code : -1505, Error description : Error in connecting with mail server using SMTP. Mailtaskid : 339832
[26 Dec 2025 12:58:23,798] - 
Error Code : -14014, Error description : Unknown error occurred during reporting mail status. Mailtaskid : 339832
